CREATE TABLE IF NOT EXISTS `image` (
  `id` int(6) unsigned NOT NULL AUTO_INCREMENT,
  `src` varchar(255) DEFAULT NULL,
  PRIMARY KEY (`id`)
) ENGINE=InnoDB AUTO_INCREMENT=143 DEFAULT CHARSET=utf8mb4;

CREATE TABLE IF NOT EXISTS `likes` (
  `id` int(6) unsigned NOT NULL AUTO_INCREMENT,
  `user_from` varchar(255) DEFAULT NULL,
  `user_to` varchar(255) DEFAULT NULL,
  `date` varchar(200) DEFAULT NULL,
  `last` varchar(200) DEFAULT NULL,
  PRIMARY KEY (`id`)
) ENGINE=InnoDB AUTO_INCREMENT=136 DEFAULT CHARSET=utf8mb4;

CREATE TABLE IF NOT EXISTS `message` (
  `id` int(6) unsigned NOT NULL AUTO_INCREMENT,
  `id_talk` int(6) NOT NULL,
  `username` varchar(255) DEFAULT NULL,
  `date` varchar(200) NOT NULL,
  `message` text,
  PRIMARY KEY (`id`)
) ENGINE=InnoDB AUTO_INCREMENT=243 DEFAULT CHARSET=utf8mb4;

CREATE TABLE IF NOT EXISTS `rel_user_image` (
  `id` int(6) unsigned NOT NULL AUTO_INCREMENT,
  `id_user` int(6) unsigned NOT NULL,
  `id_image` int(6) unsigned NOT NULL,
  PRIMARY KEY (`id`)
) ENGINE=InnoDB AUTO_INCREMENT=213 DEFAULT CHARSET=utf8mb4;

CREATE TABLE IF NOT EXISTS `rel_user_tag` (
  `id` int(6) unsigned NOT NULL AUTO_INCREMENT,
  `login` varchar(255) DEFAULT NULL,
  `tag` varchar(255) DEFAULT NULL,
  PRIMARY KEY (`id`)
) ENGINE=InnoDB AUTO_INCREMENT=133 DEFAULT CHARSET=utf8mb4;

CREATE TABLE IF NOT EXISTS `sex_orientation` (
  `id` int(6) unsigned NOT NULL AUTO_INCREMENT,
  `login` varchar(255) DEFAULT NULL,
  `gender` varchar(1) DEFAULT NULL,
  PRIMARY KEY (`id`)
) ENGINE=InnoDB AUTO_INCREMENT=277 DEFAULT CHARSET=utf8mb4;

CREATE TABLE IF NOT EXISTS `talk` (
  `id` int(6) unsigned NOT NULL AUTO_INCREMENT,
  `username1` varchar(255) DEFAULT NULL,
  `username2` varchar(255) DEFAULT NULL,
  `user1_last` varchar(200) DEFAULT NULL,
  `user2_last` varchar(200) DEFAULT NULL,
  PRIMARY KEY (`id`)
) ENGINE=InnoDB AUTO_INCREMENT=114 DEFAULT CHARSET=utf8mb4;

CREATE TABLE IF NOT EXISTS `user` (
  `id` int(6) unsigned NOT NULL AUTO_INCREMENT,
  `login` varchar(255) DEFAULT NULL,
  `password` text,
  `fname` varchar(255) NOT NULL,
  `lname` varchar(255) NOT NULL,
  `email` varchar(255) DEFAULT NULL,
  `gender` varchar(1) DEFAULT NULL,
  `bio` text,
  `activated` varchar(255) DEFAULT NULL,
  `rights` int(1) DEFAULT NULL,
  `created_on` varchar(255) DEFAULT NULL,
  `localisation` varchar(250) DEFAULT NULL,
  `last_connection` varchar(200) NOT NULL,
  `birth` year(4) DEFAULT NULL,
  PRIMARY KEY (`id`)
) ENGINE=InnoDB AUTO_INCREMENT=115 DEFAULT CHARSET=utf8mb4;

CREATE TABLE IF NOT EXISTS `visits` (
  `id` int(6) unsigned NOT NULL AUTO_INCREMENT,
  `user_from` varchar(255) DEFAULT NULL,
  `user_to` varchar(255) DEFAULT NULL,
  `last` varchar(200) DEFAULT NULL,
  `date` varchar(200) DEFAULT NULL,
  PRIMARY KEY (`id`)
) ENGINE=InnoDB AUTO_INCREMENT=179 DEFAULT CHARSET=utf8mb4;

INSERT INTO `image` (`id`,`src`) VALUES (119,'S1oaWrNxz.jpg');
INSERT INTO `image` (`id`,`src`) VALUES (128,'HkHSDU4xM.jpg');
INSERT INTO `image` (`id`,`src`) VALUES (129,'shdhhEW2.jpg');
INSERT INTO `image` (`id`,`src`) VALUES (130,'jdfjJJ43dftt.jpg');
INSERT INTO `image` (`id`,`src`) VALUES (131,'ogherui122.jpg');
INSERT INTO `image` (`id`,`src`) VALUES (132,'heobbcdb32.jpg');
INSERT INTO `image` (`id`,`src`) VALUES (133,'jifohebw222.jpg');
INSERT INTO `image` (`id`,`src`) VALUES (134,'vnoweebfjf332.jpg');
INSERT INTO `image` (`id`,`src`) VALUES (137,'S1mpriBlG.jpg');
INSERT INTO `image` (`id`,`src`) VALUES (138,'Bkncm9YIf.jpg');
INSERT INTO `image` (`id`,`src`) VALUES (139,'BJgHpDEwf.jpg');
INSERT INTO `image` (`id`,`src`) VALUES (140,'rkIyJdEwM.jpg');
INSERT INTO `image` (`id`,`src`) VALUES (141,'B1r_zA4wz.jpg');
INSERT INTO `image` (`id`,`src`) VALUES (142,'BysFfC4wG.jpg');

INSERT INTO `likes` (`id`,`user_from`,`user_to`,`date`,`last`) VALUES (106,'undefined','tincidunt','1517958198000','1517958198000');
INSERT INTO `likes` (`id`,`user_from`,`user_to`,`date`,`last`) VALUES (108,'jubarbie','tincidunt','1517958198000','1517958198000');
INSERT INTO `likes` (`id`,`user_from`,`user_to`,`date`,`last`) VALUES (110,'jubarbie','facilisis','1517958198000','1517958198000');
INSERT INTO `likes` (`id`,`user_from`,`user_to`,`date`,`last`) VALUES (111,'jubarbie','eu','1517958198000','1517958198000');
INSERT INTO `likes` (`id`,`user_from`,`user_to`,`date`,`last`) VALUES (114,'jubarbie','Quisque','1517958198000','1517958198000');
INSERT INTO `likes` (`id`,`user_from`,`user_to`,`date`,`last`) VALUES (115,'marshall','Nullam','1517958198000','1517958198000');
INSERT INTO `likes` (`id`,`user_from`,`user_to`,`date`,`last`) VALUES (116,'jubarbie','mauris','1517960330007',NULL);
INSERT INTO `likes` (`id`,`user_from`,`user_to`,`date`,`last`) VALUES (118,'marshall','jubarbie','1518078186717','1518818813774');
INSERT INTO `likes` (`id`,`user_from`,`user_to`,`date`,`last`) VALUES (120,'jubarbie','belinda','1518082615607','1518107893057');
INSERT INTO `likes` (`id`,`user_from`,`user_to`,`date`,`last`) VALUES (125,'belinda','jubarbie','1518087305303','1518818813774');
INSERT INTO `likes` (`id`,`user_from`,`user_to`,`date`,`last`) VALUES (126,'jubarbie','Aliquam','1518093617247','0');
INSERT INTO `likes` (`id`,`user_from`,`user_to`,`date`,`last`) VALUES (134,'jubarbie','marshall','1518799872772','0');
INSERT INTO `likes` (`id`,`user_from`,`user_to`,`date`,`last`) VALUES (135,'jubarbie','neque','1518800804521','0');

INSERT INTO `message` (`id`,`id_talk`,`username`,`date`,`message`) VALUES (131,109,'marshall','1509886447068','Hi mi, what a nice name you have ;)');
INSERT INTO `message` (`id`,`id_talk`,`username`,`date`,`message`) VALUES (132,110,'jubarbie','1510909969167','Salut \n');
INSERT INTO `message` (`id`,`id_talk`,`username`,`date`,`message`) VALUES (133,109,'marshall','1510911829967','Hi, how are you today ? Don\'t you wanna answer me ?');
INSERT INTO `message` (`id`,`id_talk`,`username`,`date`,`message`) VALUES (134,105,'jubarbie','1511431492827','hey wasssssuuup ??');
INSERT INTO `message` (`id`,`id_talk`,`username`,`date`,`message`) VALUES (135,111,'jubarbie','1511454097997','Hi Marshall !');
INSERT INTO `message` (`id`,`id_talk`,`username`,`date`,`message`) VALUES (136,111,'jubarbie','1511454170241','Here ??');
INSERT INTO `message` (`id`,`id_talk`,`username`,`date`,`message`) VALUES (137,111,'marshall','1511455368496','Yo');
INSERT INTO `message` (`id`,`id_talk`,`username`,`date`,`message`) VALUES (138,111,'jubarbie','1517590488059','coucou');
INSERT INTO `message` (`id`,`id_talk`,`username`,`date`,`message`) VALUES (139,111,'jubarbie','1517590551389','jules');
INSERT INTO `message` (`id`,`id_talk`,`username`,`date`,`message`) VALUES (140,111,'jubarbie','1517590559197','mjhgjh');
INSERT INTO `message` (`id`,`id_talk`,`username`,`date`,`message`) VALUES (141,111,'jubarbie','1517590562804','..lj..lk.lk.lkl.k.l');
INSERT INTO `message` (`id`,`id_talk`,`username`,`date`,`message`) VALUES (142,111,'jubarbie','1517590565940','sdsd');
INSERT INTO `message` (`id`,`id_talk`,`username`,`date`,`message`) VALUES (143,111,'jubarbie','1517590567760','dsd');
INSERT INTO `message` (`id`,`id_talk`,`username`,`date`,`message`) VALUES (144,111,'jubarbie','1517590570916','ds');
INSERT INTO `message` (`id`,`id_talk`,`username`,`date`,`message`) VALUES (184,111,'jubarbie','1517591055731','OK');
INSERT INTO `message` (`id`,`id_talk`,`username`,`date`,`message`) VALUES (185,111,'marshall','1517591069362','jkjk');
INSERT INTO `message` (`id`,`id_talk`,`username`,`date`,`message`) VALUES (186,111,'marshall','1517591071690','huiyiubgyouyo');
INSERT INTO `message` (`id`,`id_talk`,`username`,`date`,`message`) VALUES (191,111,'jubarbie','1517660654532','yo');
INSERT INTO `message` (`id`,`id_talk`,`username`,`date`,`message`) VALUES (192,111,'jubarbie','1517660655752','yo');
INSERT INTO `message` (`id`,`id_talk`,`username`,`date`,`message`) VALUES (193,111,'jubarbie','1517660656552','yo');
INSERT INTO `message` (`id`,`id_talk`,`username`,`date`,`message`) VALUES (194,111,'jubarbie','1517660657640','yo');
INSERT INTO `message` (`id`,`id_talk`,`username`,`date`,`message`) VALUES (195,111,'jubarbie','1517661330076','Yo ca va ?');
INSERT INTO `message` (`id`,`id_talk`,`username`,`date`,`message`) VALUES (196,111,'jubarbie','1517661336691','Oui et toi ?');
INSERT INTO `message` (`id`,`id_talk`,`username`,`date`,`message`) VALUES (197,111,'jubarbie','1517662873725','coucou');
INSERT INTO `message` (`id`,`id_talk`,`username`,`date`,`message`) VALUES (198,111,'marshall','1517667302663','yo');
INSERT INTO `message` (`id`,`id_talk`,`username`,`date`,`message`) VALUES (199,111,'marshall','1517671404836','yooooo');
INSERT INTO `message` (`id`,`id_talk`,`username`,`date`,`message`) VALUES (200,111,'marshall','1517680889934','yo');
INSERT INTO `message` (`id`,`id_talk`,`username`,`date`,`message`) VALUES (201,111,'marshall','1517680893250','yo');
INSERT INTO `message` (`id`,`id_talk`,`username`,`date`,`message`) VALUES (202,111,'marshall','1517680894234','yo');
INSERT INTO `message` (`id`,`id_talk`,`username`,`date`,`message`) VALUES (203,111,'marshall','1517681540040','yo');
INSERT INTO `message` (`id`,`id_talk`,`username`,`date`,`message`) VALUES (204,111,'marshall','1517681639828','test');
INSERT INTO `message` (`id`,`id_talk`,`username`,`date`,`message`) VALUES (205,111,'marshall','1517681653323','oui oui oui');
INSERT INTO `message` (`id`,`id_talk`,`username`,`date`,`message`) VALUES (206,111,'marshall','1517682183849','yo');
INSERT INTO `message` (`id`,`id_talk`,`username`,`date`,`message`) VALUES (207,111,'marshall','1517682226068','yo ');
INSERT INTO `message` (`id`,`id_talk`,`username`,`date`,`message`) VALUES (208,111,'marshall','1517682226851','yo ');
INSERT INTO `message` (`id`,`id_talk`,`username`,`date`,`message`) VALUES (209,111,'marshall','1517682227507','yo ');
INSERT INTO `message` (`id`,`id_talk`,`username`,`date`,`message`) VALUES (210,111,'marshall','1517682578481','salut');
INSERT INTO `message` (`id`,`id_talk`,`username`,`date`,`message`) VALUES (211,111,'marshall','1517682581644','ca va ?');
INSERT INTO `message` (`id`,`id_talk`,`username`,`date`,`message`) VALUES (212,111,'jubarbie','1517870459639','Salut');
INSERT INTO `message` (`id`,`id_talk`,`username`,`date`,`message`) VALUES (213,111,'marshall','1517870469614','Ca va et toi ?');
INSERT INTO `message` (`id`,`id_talk`,`username`,`date`,`message`) VALUES (214,111,'jubarbie','1517870595133','test');
INSERT INTO `message` (`id`,`id_talk`,`username`,`date`,`message`) VALUES (215,111,'marshall','1517870604870','test');
INSERT INTO `message` (`id`,`id_talk`,`username`,`date`,`message`) VALUES (216,111,'marshall','1517870613857','ca va ?');
INSERT INTO `message` (`id`,`id_talk`,`username`,`date`,`message`) VALUES (217,111,'marshall','1517870618404','IOui et toi ?');
INSERT INTO `message` (`id`,`id_talk`,`username`,`date`,`message`) VALUES (218,111,'jubarbie','1517870804434','test');
INSERT INTO `message` (`id`,`id_talk`,`username`,`date`,`message`) VALUES (219,111,'jubarbie','1517870815416','Je te fais plein de bisou');
INSERT INTO `message` (`id`,`id_talk`,`username`,`date`,`message`) VALUES (220,111,'jubarbie','1518267133732','salut');
INSERT INTO `message` (`id`,`id_talk`,`username`,`date`,`message`) VALUES (221,111,'marshall','1518788167002','salut');
INSERT INTO `message` (`id`,`id_talk`,`username`,`date`,`message`) VALUES (222,111,'marshall','1518788172345','yooo');
INSERT INTO `message` (`id`,`id_talk`,`username`,`date`,`message`) VALUES (223,111,'marshall','1518788186490','test');
INSERT INTO `message` (`id`,`id_talk`,`username`,`date`,`message`) VALUES (224,111,'jubarbie','1518788196600','yo');
INSERT INTO `message` (`id`,`id_talk`,`username`,`date`,`message`) VALUES (225,111,'marshall','1518788201592','yo');
INSERT INTO `message` (`id`,`id_talk`,`username`,`date`,`message`) VALUES (226,111,'marshall','1518788205216','yesssss');
INSERT INTO `message` (`id`,`id_talk`,`username`,`date`,`message`) VALUES (227,111,'marshall','1518788207535','No');
INSERT INTO `message` (`id`,`id_talk`,`username`,`date`,`message`) VALUES (228,111,'marshall','1518801536829','coucou');
INSERT INTO `message` (`id`,`id_talk`,`username`,`date`,`message`) VALUES (229,111,'marshall','1518805787579','salut');
INSERT INTO `message` (`id`,`id_talk`,`username`,`date`,`message`) VALUES (230,111,'marshall','1518805799265','yo');
INSERT INTO `message` (`id`,`id_talk`,`username`,`date`,`message`) VALUES (231,111,'marshall','1518806735237','salut');
INSERT INTO `message` (`id`,`id_talk`,`username`,`date`,`message`) VALUES (232,111,'marshall','1518806791290','salut');
INSERT INTO `message` (`id`,`id_talk`,`username`,`date`,`message`) VALUES (233,111,'marshall','1518806828089','salut');
INSERT INTO `message` (`id`,`id_talk`,`username`,`date`,`message`) VALUES (234,111,'marshall','1518806870861','salut');
INSERT INTO `message` (`id`,`id_talk`,`username`,`date`,`message`) VALUES (235,111,'marshall','1518806870865','salut');
INSERT INTO `message` (`id`,`id_talk`,`username`,`date`,`message`) VALUES (236,111,'marshall','1518806909153','salut');
INSERT INTO `message` (`id`,`id_talk`,`username`,`date`,`message`) VALUES (237,111,'marshall','1518806909156','salut');
INSERT INTO `message` (`id`,`id_talk`,`username`,`date`,`message`) VALUES (238,111,'marshall','1518806914206','salut');
INSERT INTO `message` (`id`,`id_talk`,`username`,`date`,`message`) VALUES (239,111,'marshall','1518806925926','yo');
INSERT INTO `message` (`id`,`id_talk`,`username`,`date`,`message`) VALUES (240,111,'marshall','1518807263615','yo');
INSERT INTO `message` (`id`,`id_talk`,`username`,`date`,`message`) VALUES (241,111,'marshall','1518807268494','yo');
INSERT INTO `message` (`id`,`id_talk`,`username`,`date`,`message`) VALUES (242,113,'jubarbie','1518808319566','Salut Belinda');

INSERT INTO `rel_user_image` (`id`,`id_user`,`id_image`) VALUES (115,101,117);
INSERT INTO `rel_user_image` (`id`,`id_user`,`id_image`) VALUES (126,101,128);
INSERT INTO `rel_user_image` (`id`,`id_user`,`id_image`) VALUES (127,14,129);
INSERT INTO `rel_user_image` (`id`,`id_user`,`id_image`) VALUES (128,14,127);
INSERT INTO `rel_user_image` (`id`,`id_user`,`id_image`) VALUES (129,16,119);
INSERT INTO `rel_user_image` (`id`,`id_user`,`id_image`) VALUES (130,18,131);
INSERT INTO `rel_user_image` (`id`,`id_user`,`id_image`) VALUES (131,19,134);
INSERT INTO `rel_user_image` (`id`,`id_user`,`id_image`) VALUES (132,20,133);
INSERT INTO `rel_user_image` (`id`,`id_user`,`id_image`) VALUES (133,22,119);
INSERT INTO `rel_user_image` (`id`,`id_user`,`id_image`) VALUES (134,23,132);
INSERT INTO `rel_user_image` (`id`,`id_user`,`id_image`) VALUES (135,24,127);
INSERT INTO `rel_user_image` (`id`,`id_user`,`id_image`) VALUES (136,25,128);
INSERT INTO `rel_user_image` (`id`,`id_user`,`id_image`) VALUES (137,26,132);
INSERT INTO `rel_user_image` (`id`,`id_user`,`id_image`) VALUES (138,27,131);
INSERT INTO `rel_user_image` (`id`,`id_user`,`id_image`) VALUES (139,28,130);
INSERT INTO `rel_user_image` (`id`,`id_user`,`id_image`) VALUES (140,29,132);
INSERT INTO `rel_user_image` (`id`,`id_user`,`id_image`) VALUES (141,30,133);
INSERT INTO `rel_user_image` (`id`,`id_user`,`id_image`) VALUES (142,31,130);
INSERT INTO `rel_user_image` (`id`,`id_user`,`id_image`) VALUES (143,32,119);
INSERT INTO `rel_user_image` (`id`,`id_user`,`id_image`) VALUES (144,33,128);
INSERT INTO `rel_user_image` (`id`,`id_user`,`id_image`) VALUES (145,35,133);
INSERT INTO `rel_user_image` (`id`,`id_user`,`id_image`) VALUES (146,37,130);
INSERT INTO `rel_user_image` (`id`,`id_user`,`id_image`) VALUES (147,38,130);
INSERT INTO `rel_user_image` (`id`,`id_user`,`id_image`) VALUES (148,39,134);
INSERT INTO `rel_user_image` (`id`,`id_user`,`id_image`) VALUES (149,40,133);
INSERT INTO `rel_user_image` (`id`,`id_user`,`id_image`) VALUES (150,41,130);
INSERT INTO `rel_user_image` (`id`,`id_user`,`id_image`) VALUES (151,42,129);
INSERT INTO `rel_user_image` (`id`,`id_user`,`id_image`) VALUES (152,43,134);
INSERT INTO `rel_user_image` (`id`,`id_user`,`id_image`) VALUES (153,44,127);
INSERT INTO `rel_user_image` (`id`,`id_user`,`id_image`) VALUES (154,45,127);
INSERT INTO `rel_user_image` (`id`,`id_user`,`id_image`) VALUES (155,46,128);
INSERT INTO `rel_user_image` (`id`,`id_user`,`id_image`) VALUES (156,48,129);
INSERT INTO `rel_user_image` (`id`,`id_user`,`id_image`) VALUES (157,49,134);
INSERT INTO `rel_user_image` (`id`,`id_user`,`id_image`) VALUES (158,50,132);
INSERT INTO `rel_user_image` (`id`,`id_user`,`id_image`) VALUES (159,51,129);
INSERT INTO `rel_user_image` (`id`,`id_user`,`id_image`) VALUES (160,53,129);
INSERT INTO `rel_user_image` (`id`,`id_user`,`id_image`) VALUES (161,54,127);
INSERT INTO `rel_user_image` (`id`,`id_user`,`id_image`) VALUES (162,55,127);
INSERT INTO `rel_user_image` (`id`,`id_user`,`id_image`) VALUES (163,56,128);
INSERT INTO `rel_user_image` (`id`,`id_user`,`id_image`) VALUES (164,57,128);
INSERT INTO `rel_user_image` (`id`,`id_user`,`id_image`) VALUES (165,58,131);
INSERT INTO `rel_user_image` (`id`,`id_user`,`id_image`) VALUES (166,59,130);
INSERT INTO `rel_user_image` (`id`,`id_user`,`id_image`) VALUES (167,60,134);
INSERT INTO `rel_user_image` (`id`,`id_user`,`id_image`) VALUES (168,61,131);
INSERT INTO `rel_user_image` (`id`,`id_user`,`id_image`) VALUES (169,62,134);
INSERT INTO `rel_user_image` (`id`,`id_user`,`id_image`) VALUES (170,63,132);
INSERT INTO `rel_user_image` (`id`,`id_user`,`id_image`) VALUES (171,64,128);
INSERT INTO `rel_user_image` (`id`,`id_user`,`id_image`) VALUES (172,65,131);
INSERT INTO `rel_user_image` (`id`,`id_user`,`id_image`) VALUES (173,66,132);
INSERT INTO `rel_user_image` (`id`,`id_user`,`id_image`) VALUES (174,67,129);
INSERT INTO `rel_user_image` (`id`,`id_user`,`id_image`) VALUES (175,68,134);
INSERT INTO `rel_user_image` (`id`,`id_user`,`id_image`) VALUES (176,69,132);
INSERT INTO `rel_user_image` (`id`,`id_user`,`id_image`) VALUES (177,70,134);
INSERT INTO `rel_user_image` (`id`,`id_user`,`id_image`) VALUES (178,71,127);
INSERT INTO `rel_user_image` (`id`,`id_user`,`id_image`) VALUES (179,72,128);
INSERT INTO `rel_user_image` (`id`,`id_user`,`id_image`) VALUES (180,73,119);
INSERT INTO `rel_user_image` (`id`,`id_user`,`id_image`) VALUES (181,74,128);
INSERT INTO `rel_user_image` (`id`,`id_user`,`id_image`) VALUES (182,75,131);
INSERT INTO `rel_user_image` (`id`,`id_user`,`id_image`) VALUES (183,77,131);
INSERT INTO `rel_user_image` (`id`,`id_user`,`id_image`) VALUES (184,78,130);
INSERT INTO `rel_user_image` (`id`,`id_user`,`id_image`) VALUES (185,79,129);
INSERT INTO `rel_user_image` (`id`,`id_user`,`id_image`) VALUES (186,80,128);
INSERT INTO `rel_user_image` (`id`,`id_user`,`id_image`) VALUES (187,81,132);
INSERT INTO `rel_user_image` (`id`,`id_user`,`id_image`) VALUES (188,82,129);
INSERT INTO `rel_user_image` (`id`,`id_user`,`id_image`) VALUES (189,83,129);
INSERT INTO `rel_user_image` (`id`,`id_user`,`id_image`) VALUES (190,84,132);
INSERT INTO `rel_user_image` (`id`,`id_user`,`id_image`) VALUES (191,85,128);
INSERT INTO `rel_user_image` (`id`,`id_user`,`id_image`) VALUES (192,86,134);
INSERT INTO `rel_user_image` (`id`,`id_user`,`id_image`) VALUES (193,87,132);
INSERT INTO `rel_user_image` (`id`,`id_user`,`id_image`) VALUES (194,89,132);
INSERT INTO `rel_user_image` (`id`,`id_user`,`id_image`) VALUES (195,90,129);
INSERT INTO `rel_user_image` (`id`,`id_user`,`id_image`) VALUES (196,92,128);
INSERT INTO `rel_user_image` (`id`,`id_user`,`id_image`) VALUES (197,93,119);
INSERT INTO `rel_user_image` (`id`,`id_user`,`id_image`) VALUES (198,94,129);
INSERT INTO `rel_user_image` (`id`,`id_user`,`id_image`) VALUES (199,95,129);
INSERT INTO `rel_user_image` (`id`,`id_user`,`id_image`) VALUES (200,96,130);
INSERT INTO `rel_user_image` (`id`,`id_user`,`id_image`) VALUES (201,97,130);
INSERT INTO `rel_user_image` (`id`,`id_user`,`id_image`) VALUES (202,98,127);
INSERT INTO `rel_user_image` (`id`,`id_user`,`id_image`) VALUES (203,99,133);
INSERT INTO `rel_user_image` (`id`,`id_user`,`id_image`) VALUES (204,100,133);
INSERT INTO `rel_user_image` (`id`,`id_user`,`id_image`) VALUES (207,107,137);
INSERT INTO `rel_user_image` (`id`,`id_user`,`id_image`) VALUES (208,111,138);
INSERT INTO `rel_user_image` (`id`,`id_user`,`id_image`) VALUES (209,107,139);
INSERT INTO `rel_user_image` (`id`,`id_user`,`id_image`) VALUES (210,107,140);
INSERT INTO `rel_user_image` (`id`,`id_user`,`id_image`) VALUES (211,101,141);
INSERT INTO `rel_user_image` (`id`,`id_user`,`id_image`) VALUES (212,101,142);

INSERT INTO `rel_user_tag` (`id`,`login`,`tag`) VALUES (114,'tincidunt','princess');
INSERT INTO `rel_user_tag` (`id`,`login`,`tag`) VALUES (115,'tincidunt','rich_bitch');
INSERT INTO `rel_user_tag` (`id`,`login`,`tag`) VALUES (116,'tincidunt','42');
INSERT INTO `rel_user_tag` (`id`,`login`,`tag`) VALUES (122,'jubarbie','rich_bitch');
INSERT INTO `rel_user_tag` (`id`,`login`,`tag`) VALUES (128,'marshall','42');
INSERT INTO `rel_user_tag` (`id`,`login`,`tag`) VALUES (129,'belinda','test');
INSERT INTO `rel_user_tag` (`id`,`login`,`tag`) VALUES (130,'belinda','42school');
INSERT INTO `rel_user_tag` (`id`,`login`,`tag`) VALUES (131,'belinda','SuperWoman');
INSERT INTO `rel_user_tag` (`id`,`login`,`tag`) VALUES (132,'jubarbie','42');

INSERT INTO `sex_orientation` (`id`,`login`,`gender`) VALUES (114,'tincidunt','M');
INSERT INTO `sex_orientation` (`id`,`login`,`gender`) VALUES (115,'tincidunt','F');
INSERT INTO `sex_orientation` (`id`,`login`,`gender`) VALUES (142,'marshall','F');
INSERT INTO `sex_orientation` (`id`,`login`,`gender`) VALUES (143,'marshall','M');
INSERT INTO `sex_orientation` (`id`,`login`,`gender`) VALUES (144,'tincidunt','M');
INSERT INTO `sex_orientation` (`id`,`login`,`gender`) VALUES (145,'Aenean','M');
INSERT INTO `sex_orientation` (`id`,`login`,`gender`) VALUES (146,'facilisis','M');
INSERT INTO `sex_orientation` (`id`,`login`,`gender`) VALUES (147,'eu','M');
INSERT INTO `sex_orientation` (`id`,`login`,`gender`) VALUES (148,'adipiscing','M');
INSERT INTO `sex_orientation` (`id`,`login`,`gender`) VALUES (149,'mus.','M');
INSERT INTO `sex_orientation` (`id`,`login`,`gender`) VALUES (150,'sit','M');
INSERT INTO `sex_orientation` (`id`,`login`,`gender`) VALUES (151,'libero','M');
INSERT INTO `sex_orientation` (`id`,`login`,`gender`) VALUES (152,'nisl.','M');
INSERT INTO `sex_orientation` (`id`,`login`,`gender`) VALUES (153,'dolor','M');
INSERT INTO `sex_orientation` (`id`,`login`,`gender`) VALUES (154,'Sed','M');
INSERT INTO `sex_orientation` (`id`,`login`,`gender`) VALUES (155,'mauris','M');
INSERT INTO `sex_orientation` (`id`,`login`,`gender`) VALUES (156,'amet,','M');
INSERT INTO `sex_orientation` (`id`,`login`,`gender`) VALUES (157,'rutrum.','M');
INSERT INTO `sex_orientation` (`id`,`login`,`gender`) VALUES (158,'Nam','M');
INSERT INTO `sex_orientation` (`id`,`login`,`gender`) VALUES (159,'senectus','M');
INSERT INTO `sex_orientation` (`id`,`login`,`gender`) VALUES (160,'Nullam','M');
INSERT INTO `sex_orientation` (`id`,`login`,`gender`) VALUES (161,'at','M');
INSERT INTO `sex_orientation` (`id`,`login`,`gender`) VALUES (162,'non,','M');
INSERT INTO `sex_orientation` (`id`,`login`,`gender`) VALUES (163,'in','M');
INSERT INTO `sex_orientation` (`id`,`login`,`gender`) VALUES (164,'Sed','M');
INSERT INTO `sex_orientation` (`id`,`login`,`gender`) VALUES (165,'consequat','M');
INSERT INTO `sex_orientation` (`id`,`login`,`gender`) VALUES (166,'ut,','M');
INSERT INTO `sex_orientation` (`id`,`login`,`gender`) VALUES (167,'Duis','M');
INSERT INTO `sex_orientation` (`id`,`login`,`gender`) VALUES (168,'est,','M');
INSERT INTO `sex_orientation` (`id`,`login`,`gender`) VALUES (169,'hendrerit','M');
INSERT INTO `sex_orientation` (`id`,`login`,`gender`) VALUES (170,'mi','M');
INSERT INTO `sex_orientation` (`id`,`login`,`gender`) VALUES (171,'risus.','M');
INSERT INTO `sex_orientation` (`id`,`login`,`gender`) VALUES (172,'libero.','M');
INSERT INTO `sex_orientation` (`id`,`login`,`gender`) VALUES (173,'justo.','M');
INSERT INTO `sex_orientation` (`id`,`login`,`gender`) VALUES (174,'sem.','M');
INSERT INTO `sex_orientation` (`id`,`login`,`gender`) VALUES (175,'non,','M');
INSERT INTO `sex_orientation` (`id`,`login`,`gender`) VALUES (176,'sapien.','M');
INSERT INTO `sex_orientation` (`id`,`login`,`gender`) VALUES (177,'Mauris','M');
INSERT INTO `sex_orientation` (`id`,`login`,`gender`) VALUES (178,'eget','M');
INSERT INTO `sex_orientation` (`id`,`login`,`gender`) VALUES (179,'sit','M');
INSERT INTO `sex_orientation` (`id`,`login`,`gender`) VALUES (180,'luctus.','M');
INSERT INTO `sex_orientation` (`id`,`login`,`gender`) VALUES (181,'felis','M');
INSERT INTO `sex_orientation` (`id`,`login`,`gender`) VALUES (182,'sed','M');
INSERT INTO `sex_orientation` (`id`,`login`,`gender`) VALUES (183,'fames','M');
INSERT INTO `sex_orientation` (`id`,`login`,`gender`) VALUES (184,'erat.','M');
INSERT INTO `sex_orientation` (`id`,`login`,`gender`) VALUES (185,'Aliquam','M');
INSERT INTO `sex_orientation` (`id`,`login`,`gender`) VALUES (186,'lorem,','M');
INSERT INTO `sex_orientation` (`id`,`login`,`gender`) VALUES (187,'augue.','M');
INSERT INTO `sex_orientation` (`id`,`login`,`gender`) VALUES (188,'magna.','M');
INSERT INTO `sex_orientation` (`id`,`login`,`gender`) VALUES (189,'at','M');
INSERT INTO `sex_orientation` (`id`,`login`,`gender`) VALUES (190,'fringilla','M');
INSERT INTO `sex_orientation` (`id`,`login`,`gender`) VALUES (191,'egestas','M');
INSERT INTO `sex_orientation` (`id`,`login`,`gender`) VALUES (192,'tellus','M');
INSERT INTO `sex_orientation` (`id`,`login`,`gender`) VALUES (193,'parturient','M');
INSERT INTO `sex_orientation` (`id`,`login`,`gender`) VALUES (194,'faucibus','M');
INSERT INTO `sex_orientation` (`id`,`login`,`gender`) VALUES (195,'nisl','M');
INSERT INTO `sex_orientation` (`id`,`login`,`gender`) VALUES (196,'Sed','M');
INSERT INTO `sex_orientation` (`id`,`login`,`gender`) VALUES (197,'risus.','M');
INSERT INTO `sex_orientation` (`id`,`login`,`gender`) VALUES (198,'velit.','M');
INSERT INTO `sex_orientation` (`id`,`login`,`gender`) VALUES (199,'odio.','M');
INSERT INTO `sex_orientation` (`id`,`login`,`gender`) VALUES (200,'Etiam','M');
INSERT INTO `sex_orientation` (`id`,`login`,`gender`) VALUES (201,'eget','M');
INSERT INTO `sex_orientation` (`id`,`login`,`gender`) VALUES (202,'tincidunt,','M');
INSERT INTO `sex_orientation` (`id`,`login`,`gender`) VALUES (203,'erat,','M');
INSERT INTO `sex_orientation` (`id`,`login`,`gender`) VALUES (204,'neque','M');
INSERT INTO `sex_orientation` (`id`,`login`,`gender`) VALUES (205,'neque','M');
INSERT INTO `sex_orientation` (`id`,`login`,`gender`) VALUES (206,'magna.','M');
INSERT INTO `sex_orientation` (`id`,`login`,`gender`) VALUES (207,'Vestibulum','M');
INSERT INTO `sex_orientation` (`id`,`login`,`gender`) VALUES (208,'Etiam','M');
INSERT INTO `sex_orientation` (`id`,`login`,`gender`) VALUES (209,'pede,','M');
INSERT INTO `sex_orientation` (`id`,`login`,`gender`) VALUES (210,'adipiscing','M');
INSERT INTO `sex_orientation` (`id`,`login`,`gender`) VALUES (211,'Quisque','M');
INSERT INTO `sex_orientation` (`id`,`login`,`gender`) VALUES (212,'in','M');
INSERT INTO `sex_orientation` (`id`,`login`,`gender`) VALUES (213,'lorem','M');
INSERT INTO `sex_orientation` (`id`,`login`,`gender`) VALUES (214,'diam','M');
INSERT INTO `sex_orientation` (`id`,`login`,`gender`) VALUES (215,'torquent','M');
INSERT INTO `sex_orientation` (`id`,`login`,`gender`) VALUES (216,'Mauris','M');
INSERT INTO `sex_orientation` (`id`,`login`,`gender`) VALUES (217,'euismod','M');
INSERT INTO `sex_orientation` (`id`,`login`,`gender`) VALUES (218,'Nunc','M');
INSERT INTO `sex_orientation` (`id`,`login`,`gender`) VALUES (219,'arcu.','M');
INSERT INTO `sex_orientation` (`id`,`login`,`gender`) VALUES (220,'ipsum','M');
INSERT INTO `sex_orientation` (`id`,`login`,`gender`) VALUES (222,'marshall','M');
INSERT INTO `sex_orientation` (`id`,`login`,`gender`) VALUES (223,'jules','M');
INSERT INTO `sex_orientation` (`id`,`login`,`gender`) VALUES (224,'yep','M');
INSERT INTO `sex_orientation` (`id`,`login`,`gender`) VALUES (225,'tes','M');
INSERT INTO `sex_orientation` (`id`,`login`,`gender`) VALUES (272,'belinda','M');
INSERT INTO `sex_orientation` (`id`,`login`,`gender`) VALUES (275,'jubarbie','F');
INSERT INTO `sex_orientation` (`id`,`login`,`gender`) VALUES (276,'jubarbie','M');

INSERT INTO `talk` (`id`,`username1`,`username2`,`user1_last`,`user2_last`) VALUES (105,'jubarbie','tincidunt','1518814554408','1517665668000');
INSERT INTO `talk` (`id`,`username1`,`username2`,`user1_last`,`user2_last`) VALUES (107,'Aenean','jubarbie','1517665668000','1518808284557');
INSERT INTO `talk` (`id`,`username1`,`username2`,`user1_last`,`user2_last`) VALUES (109,'marshall','mi','1517682238332','1517665668000');
INSERT INTO `talk` (`id`,`username1`,`username2`,`user1_last`,`user2_last`) VALUES (110,'jubarbie','mi','1518814556515','1517665668000');
INSERT INTO `talk` (`id`,`username1`,`username2`,`user1_last`,`user2_last`) VALUES (111,'jubarbie','marshall','1518807271606','1518807268511');
INSERT INTO `talk` (`id`,`username1`,`username2`,`user1_last`,`user2_last`) VALUES (113,'belinda','jubarbie','1518808309522','1518818763580');

INSERT INTO `user` (`id`,`login`,`password`,`fname`,`lname`,`email`,`gender`,`bio`,`activated`,`rights`,`created_on`,`localisation`,`last_connection`,`birth`) VALUES (14,'tincidunt','KBI60RZD5FU','Signe','Quin','euismod.in@fringillacursuspurus.edu','M','a neque. Nullam ut nisi a odio semper cursus. Integer mollis. Integer tincidunt aliquam arcu. Aliquam ultrices iaculis odio. Nam interdum enim non nisi. Aenean eget metus. In nec orci. Donec nibh. Quisque nonummy ipsum non arcu. Vivamus sit amet risus. Donec egestas. Aliquam nec enim. Nunc ut erat. Sed nunc est, mollis non, cursus non, egestas a, dui. Cras pellentesque. Sed dictum. Proin eget odio. Aliquam vulputate ullamcorper magna. Sed eu eros. Nam consequat dolor vitae dolor. Donec fringilla. Donec feugiat metus sit amet ante. Vivamus non lorem vitae odio sagittis semper. Nam tempor diam dictum sapien. Aenean massa. Integer vitae nibh. Donec est mauris, rhoncus id, mollis nec, cursus a, enim. Suspendisse aliquet, sem ut cursus luctus, ipsum leo elementum sem, vitae aliquam eros','activated',1,'1509719024','{\"lon\":\"2.306836190987\",\"lat\":\"48.867282952505\"}','1511452860000',1973);
INSERT INTO `user` (`id`,`login`,`password`,`fname`,`lname`,`email`,`gender`,`bio`,`activated`,`rights`,`created_on`,`localisation`,`last_connection`,`birth`) VALUES (16,'Aenean','MTG37IIL0KU','Bruce','Leroy','mollis@orciadipiscingnon.ca','M','nec luctus felis purus ac tellus. Suspendisse sed dolor. Fusce mi lorem, vehicula et, rutrum eu, ultrices sit amet, risus. Donec nibh enim, gravida sit amet, dapibus id, blandit at, nisi. Cum sociis natoque penatibus et magnis dis parturient montes, nascetur ridiculus mus. Proin vel nisl. Quisque fringilla euismod enim. Etiam gravida molestie arcu. Sed eu nibh vulputate mauris sagittis placerat. Cras dictum ultricies ligula. Nullam enim. Sed nulla ante, iaculis nec, eleifend non, dapibus rutrum, justo. Praesent luctus. Curabitur egestas nunc sed libero. Proin sed turpis nec mauris blandit mattis. Cras eget nisi dictum augue malesuada malesuada. Integer id magna et ipsum cursus vestibulum. Mauris','activated',1,'1509719024','{\"lon\":\"2.351074845673\",\"lat\":\"48.868375030381\"}','1511452860000',1924);
INSERT INTO `user` (`id`,`login`,`password`,`fname`,`lname`,`email`,`gender`,`bio`,`activated`,`rights`,`created_on`,`localisation`,`last_connection`,`birth`) VALUES (18,'facilisis','MAT13OHY0HE','Tanya','Taylor','Mauris@sagittis.net','F','imperdiet ornare. In faucibus. Morbi vehicula. Pellentesque tincidunt tempus risus. Donec egestas. Duis ac arcu. Nunc mauris. Morbi non sapien molestie orci tincidunt adipiscing. Mauris molestie pharetra nibh. Aliquam ornare, libero at auctor ullamcorper, nisl arcu iaculis enim, sit amet ornare lectus justo eu arcu. Morbi sit amet massa. Quisque porttitor eros nec tellus. Nunc lectus pede, ultrices a, auctor non, feugiat nec, diam. Duis mi enim, condimentum eget, volutpat ornare, facilisis eget, ipsum. Donec sollicitudin adipiscing ligula. Aenean gravida nunc sed pede. Cum sociis natoque penatibus et magnis dis parturient montes, nascetur ridiculus mus. Proin vel arcu eu odio tristique pharetra. Quisque ac libero nec ligula consectetuer rhoncus. Nullam velit dui, semper et, lacinia vitae, sodales at, velit. Pellentesque ultricies dignissim lacus. Aliquam rutrum lorem','activated',1,'1509719024','{\"lon\":\"2.313766464924\",\"lat\":\"48.883164339023\"}','1511452860000',1935);
INSERT INTO `user` (`id`,`login`,`password`,`fname`,`lname`,`email`,`gender`,`bio`,`activated`,`rights`,`created_on`,`localisation`,`last_connection`,`birth`) VALUES (19,'eu','XDC98NAB6FX','Belle','Kennan','neque.Morbi.quis@DonecestNunc.edu','F','mi lorem, vehicula et, rutrum eu, ultrices sit amet, risus. Donec nibh enim, gravida sit amet, dapibus id, blandit at, nisi. Cum sociis natoque penatibus et magnis dis parturient montes, nascetur ridiculus mus. Proin vel nisl. Quisque fringilla euismod enim. Etiam gravida molestie arcu. Sed eu nibh vulputate mauris sagittis placerat. Cras dictum ultricies ligula. Nullam enim. Sed nulla ante, iaculis nec, eleifend non, dapibus rutrum, justo. Praesent luctus. Curabitur egestas nunc sed libero. Proin sed turpis nec mauris blandit mattis. Cras eget nisi dictum augue malesuada malesuada. Integer id magna et ipsum cursus vestibulum. Mauris magna. Duis dignissim','activated',1,'1509719024','{\"lon\":\"2.288681414190\",\"lat\":\"48.843867095403\"}','1511452860000',1931);
INSERT INTO `user` (`id`,`login`,`password`,`fname`,`lname`,`email`,`gender`,`bio`,`activated`,`rights`,`created_on`,`localisation`,`last_connection`,`birth`) VALUES (20,'adipiscing','PKG70YIM8QD','Rachel','Harlan','Quisque.purus@malesuadafames.org','F','ac mattis semper, dui lectus rutrum urna, nec luctus felis purus ac tellus. Suspendisse sed dolor. Fusce mi lorem, vehicula et, rutrum eu, ultrices sit amet, risus. Donec nibh enim, gravida sit amet, dapibus id, blandit at, nisi. Cum sociis natoque penatibus et magnis dis parturient montes, nascetur ridiculus mus. Proin vel nisl. Quisque fringilla euismod enim. Etiam gravida molestie arcu. Sed eu nibh vulputate mauris sagittis placerat. Cras dictum ultricies ligula. Nullam enim.','activated',1,'1509719024','{\"lon\":\"2.355701892488\",\"lat\":\"48.888437946595\"}','1511452860000',1927);
INSERT INTO `user` (`id`,`login`,`password`,`fname`,`lname`,`email`,`gender`,`bio`,`activated`,`rights`,`created_on`,`localisation`,`last_connection`,`birth`) VALUES (22,'mus.','DYK94DZI9CZ','Wylie','Mohammad','dignissim@Vestibulumante.edu','F','non leo. Vivamus nibh dolor, nonummy ac, feugiat non, lobortis quis, pede. Suspendisse dui. Fusce diam nunc, ullamcorper eu, euismod ac, fermentum vel, mauris. Integer sem elit, pharetra ut, pharetra sed, hendrerit a, arcu.','activated',1,'1509719024','{\"lon\":\"2.372446820490\",\"lat\":\"48.897523021602\"}','1511452860000',1974);
INSERT INTO `user` (`id`,`login`,`password`,`fname`,`lname`,`email`,`gender`,`bio`,`activated`,`rights`,`created_on`,`localisation`,`last_connection`,`birth`) VALUES (23,'sit','FTC33VYR9VR','Forrest','Murphy','adipiscing.fringilla.porttitor@aliquamadipiscinglacus.org','F','eget, ipsum. Donec sollicitudin adipiscing ligula. Aenean','activated',1,'1509719024','{\"lon\":\"2.314506337569\",\"lat\":\"48.901499278889\"}','1511452860000',1930);
INSERT INTO `user` (`id`,`login`,`password`,`fname`,`lname`,`email`,`gender`,`bio`,`activated`,`rights`,`created_on`,`localisation`,`last_connection`,`birth`) VALUES (24,'libero','OBU62KVM8GC','Garrett','David','sed@velitdui.net','F','et malesuada fames ac turpis egestas. Fusce aliquet magna a neque. Nullam ut nisi a odio semper cursus. Integer mollis. Integer tincidunt aliquam arcu. Aliquam ultrices iaculis odio. Nam interdum enim non nisi. Aenean eget metus. In nec orci. Donec nibh. Quisque nonummy ipsum non arcu. Vivamus sit amet risus. Donec egestas.','activated',1,'1509719024','{\"lon\":\"2.303247844347\",\"lat\":\"48.892047834692\"}','1511452860000',1956);
INSERT INTO `user` (`id`,`login`,`password`,`fname`,`lname`,`email`,`gender`,`bio`,`activated`,`rights`,`created_on`,`localisation`,`last_connection`,`birth`) VALUES (25,'nisl.','VQR75YZG3FV','Kaitlin','Felix','facilisis@Praesenteu.co.uk','M','ridiculus mus. Aenean eget magna. Suspendisse tristique neque venenatis lacus. Etiam bibendum fermentum metus. Aenean sed pede nec ante blandit viverra. Donec tempus, lorem fringilla ornare placerat, orci lacus vestibulum lorem, sit amet ultricies sem magna nec quam. Curabitur vel lectus. Cum sociis natoque penatibus et magnis dis parturient montes, nascetur ridiculus mus. Donec dignissim magna a tortor. Nunc commodo auctor velit. Aliquam nisl. Nulla eu neque pellentesque massa lobortis ultrices. Vivamus rhoncus. Donec est. Nunc ullamcorper, velit in aliquet lobortis, nisi','activated',1,'1509719024','{\"lon\":\"2.283024021605\",\"lat\":\"48.852221168495\"}','1511452860000',1946);
INSERT INTO `user` (`id`,`login`,`password`,`fname`,`lname`,`email`,`gender`,`bio`,`activated`,`rights`,`created_on`,`localisation`,`last_connection`,`birth`) VALUES (26,'dolor','FPW82EKD1HJ','Jeremy','Shelley','risus.varius@tempusnon.edu','F','Nunc sed orci lobortis augue scelerisque mollis. Phasellus libero mauris, aliquam eu, accumsan sed, facilisis vitae, orci. Phasellus dapibus quam quis diam. Pellentesque habitant morbi tristique senectus et netus et malesuada fames ac turpis egestas. Fusce aliquet magna a neque. Nullam ut nisi a odio semper cursus. Integer mollis. Integer tincidunt aliquam arcu. Aliquam ultrices iaculis odio. Nam interdum enim non nisi. Aenean eget metus. In nec orci. Donec nibh. Quisque nonummy ipsum non arcu. Vivamus sit amet risus. Donec egestas. Aliquam nec enim. Nunc ut erat. Sed nunc est, mollis non, cursus non, egestas a, dui. Cras pellentesque. Sed dictum. Proin eget odio. Aliquam vulputate ullamcorper magna. Sed eu eros. Nam consequat dolor vitae dolor. Donec fringilla. Donec feugiat metus','activated',1,'1509719024','{\"lon\":\"2.330946103662\",\"lat\":\"48.882861558503\"}','1511452860000',1932);
INSERT INTO `user` (`id`,`login`,`password`,`fname`,`lname`,`email`,`gender`,`bio`,`activated`,`rights`,`created_on`,`localisation`,`last_connection`,`birth`) VALUES (28,'mauris','OLX39LIW9CU','Basil','Hedda','eu.arcu@Nuncsollicitudincommodo.net','F','in, tempus eu, ligula. Aenean euismod mauris eu elit. Nulla facilisi. Sed neque. Sed eget lacus. Mauris non dui nec urna suscipit nonummy. Fusce fermentum fermentum arcu. Vestibulum ante ipsum primis in faucibus orci luctus et ultrices posuere cubilia Curae; Phasellus ornare. Fusce mollis. Duis sit amet diam eu dolor egestas rhoncus. Proin nisl sem, consequat nec, mollis vitae, posuere at, velit. Cras lorem lorem, luctus ut, pellentesque eget, dictum placerat, augue. Sed molestie. Sed id risus quis diam luctus lobortis. Class aptent taciti sociosqu ad litora torquent per conubia nostra, per inceptos hymenaeos. Mauris ut quam vel sapien imperdiet ornare. In faucibus. Morbi vehicula. Pellentesque tincidunt tempus risus. Donec egestas. Duis ac arcu. Nunc mauris. Morbi non sapien molestie orci tincidunt adipiscing. Mauris molestie pharetra nibh. Aliquam ornare, libero at auctor','activated',1,'1509719024','{\"lon\":\"2.401741551338\",\"lat\":\"48.842549489700\"}','1511452860000',1955);
INSERT INTO `user` (`id`,`login`,`password`,`fname`,`lname`,`email`,`gender`,`bio`,`activated`,`rights`,`created_on`,`localisation`,`last_connection`,`birth`) VALUES (29,'amet,','GUU00FVE2AA','Byron','TaShya','ligula.Nullam@enimMauris.com','F','Aliquam ornare, libero at auctor ullamcorper, nisl arcu iaculis enim, sit amet ornare lectus justo eu arcu. Morbi sit amet massa. Quisque porttitor eros nec tellus. Nunc lectus pede, ultrices a, auctor non, feugiat nec, diam. Duis mi enim, condimentum eget, volutpat ornare, facilisis eget, ipsum. Donec sollicitudin adipiscing ligula. Aenean gravida nunc sed pede. Cum sociis natoque penatibus et magnis dis parturient montes, nascetur ridiculus mus. Proin vel arcu eu odio tristique pharetra. Quisque ac libero nec ligula consectetuer rhoncus. Nullam velit dui, semper et, lacinia vitae, sodales at, velit. Pellentesque ultricies dignissim lacus. Aliquam rutrum lorem ac risus. Morbi metus. Vivamus euismod urna. Nullam lobortis quam','activated',1,'1509719024','{\"lon\":\"2.326778785552\",\"lat\":\"48.848097847304\"}','1511452860000',1956);
INSERT INTO `user` (`id`,`login`,`password`,`fname`,`lname`,`email`,`gender`,`bio`,`activated`,`rights`,`created_on`,`localisation`,`last_connection`,`birth`) VALUES (30,'rutrum.','PQJ70AXF3RA','Josephine','Porter','penatibus.et@estac.com','F','pede. Cras vulputate velit eu sem. Pellentesque ut ipsum ac mi eleifend egestas. Sed pharetra, felis eget varius ultrices, mauris ipsum porta elit, a feugiat tellus lorem eu metus. In lorem. Donec elementum, lorem ut aliquam iaculis, lacus pede sagittis augue, eu tempor erat neque non quam. Pellentesque habitant morbi tristique senectus et netus et malesuada fames ac turpis egestas. Aliquam fringilla cursus purus. Nullam scelerisque neque sed sem egestas blandit. Nam nulla magna, malesuada vel, convallis in, cursus et, eros. Proin ultrices. Duis volutpat nunc sit amet metus. Aliquam erat volutpat. Nulla facilisis. Suspendisse commodo tincidunt nibh. Phasellus nulla. Integer vulputate, risus a ultricies adipiscing, enim mi tempor lorem, eget mollis lectus pede et risus.','activated',1,'1509719024','{\"lon\":\"2.310838378880\",\"lat\":\"48.867510593942\"}','1511452860000',1956);
INSERT INTO `user` (`id`,`login`,`password`,`fname`,`lname`,`email`,`gender`,`bio`,`activated`,`rights`,`created_on`,`localisation`,`last_connection`,`birth`) VALUES (31,'Nam','ICY00HSU1CT','Herrod','Leandra','mauris@acrisusMorbi.ca','M','eu erat semper rutrum. Fusce dolor quam, elementum at, egestas a, scelerisque sed, sapien. Nunc pulvinar arcu et pede. Nunc sed orci lobortis augue scelerisque mollis. Phasellus libero mauris, aliquam eu, accumsan sed, facilisis vitae, orci. Phasellus dapibus quam quis diam. Pellentesque habitant morbi tristique senectus et netus et malesuada fames ac turpis egestas. Fusce aliquet magna a neque. Nullam ut nisi a odio semper cursus. Integer mollis. Integer tincidunt aliquam arcu. Aliquam ultrices iaculis odio. Nam interdum enim non nisi. Aenean eget metus. In nec orci. Donec nibh. Quisque nonummy ipsum non arcu. Vivamus sit amet risus. Donec egestas. Aliquam nec','activated',1,'1509719024','{\"lon\":\"2.307866191960\",\"lat\":\"48.883931964127\"}','1511452860000',1956);
INSERT INTO `user` (`id`,`login`,`password`,`fname`,`lname`,`email`,`gender`,`bio`,`activated`,`rights`,`created_on`,`localisation`,`last_connection`,`birth`) VALUES (32,'senectus','KCA53ESM9NW','Hop','Laura','varius.ultrices@milorem.edu','F','magna tellus faucibus leo, in lobortis tellus justo sit amet nulla. Donec non justo. Proin non massa non ante bibendum ullamcorper. Duis cursus, diam at pretium aliquet, metus urna convallis erat, eget tincidunt dui augue eu tellus. Phasellus elit pede, malesuada vel, venenatis vel, faucibus id, libero. Donec consectetuer mauris id sapien. Cras dolor dolor, tempus non, lacinia at, iaculis quis, pede. Praesent eu dui. Cum sociis natoque penatibus et magnis dis parturient montes, nascetur ridiculus mus. Aenean eget magna. Suspendisse tristique neque venenatis lacus. Etiam bibendum fermentum metus. Aenean sed pede nec ante blandit viverra. Donec tempus, lorem fringilla ornare placerat, orci lacus vestibulum lorem, sit amet ultricies sem magna nec quam. Curabitur vel lectus. Cum sociis natoque penatibus et magnis dis parturient montes, nascetur ridiculus mus. Donec dignissim magna a tortor. Nunc commodo auctor velit. Aliquam nisl. Nulla eu neque pellentesque massa lobortis','activated',1,'1509719024','{\"lon\":\"2.305497809093\",\"lat\":\"48.848057231525\"}','1511452860000',1922);
INSERT INTO `user` (`id`,`login`,`password`,`fname`,`lname`,`email`,`gender`,`bio`,`activated`,`rights`,`created_on`,`localisation`,`last_connection`,`birth`) VALUES (33,'Nullam','ZHS86DEE6LQ','Logan','Yael','dolor.Fusce.mi@turpisegestasFusce.edu','F','netus et malesuada fames ac turpis egestas. Fusce aliquet magna a neque. Nullam ut nisi a odio semper cursus. Integer mollis. Integer tincidunt aliquam arcu. Aliquam ultrices iaculis odio. Nam interdum enim non nisi. Aenean eget metus. In','activated',1,'1509719024','{\"lon\":\"2.407750156130\",\"lat\":\"48.846379718561\"}','1511452860000',1929);
INSERT INTO `user` (`id`,`login`,`password`,`fname`,`lname`,`email`,`gender`,`bio`,`activated`,`rights`,`created_on`,`localisation`,`last_connection`,`birth`) VALUES (35,'at','VUL29WAC4KQ','Allen','Tarik','Vivamus.rhoncus@orciadipiscingnon.edu','F','mauris id sapien. Cras dolor dolor, tempus non, lacinia at, iaculis quis, pede. Praesent eu dui. Cum sociis natoque penatibus et magnis dis parturient montes, nascetur ridiculus mus. Aenean eget magna. Suspendisse tristique neque venenatis lacus. Etiam bibendum fermentum metus. Aenean sed pede nec ante blandit viverra. Donec tempus, lorem fringilla ornare placerat, orci lacus vestibulum lorem, sit amet ultricies sem magna nec quam. Curabitur vel lectus. Cum sociis natoque penatibus et magnis dis parturient montes, nascetur ridiculus mus. Donec dignissim magna a tortor. Nunc commodo auctor velit. Aliquam nisl. Nulla eu neque pellentesque massa lobortis ultrices. Vivamus rhoncus. Donec est. Nunc ullamcorper, velit in aliquet lobortis, nisi nibh lacinia orci, consectetuer euismod est arcu ac orci. Ut semper pretium neque. Morbi quis urna. Nunc quis arcu vel quam dignissim pharetra. Nam ac nulla. In tincidunt congue turpis. In condimentum. Donec at arcu.','activated',1,'1509719024','{\"lon\":\"2.325343316642\",\"lat\":\"48.872598401299\"}','1511452860000',1931);
INSERT INTO `user` (`id`,`login`,`password`,`fname`,`lname`,`email`,`gender`,`bio`,`activated`,`rights`,`created_on`,`localisation`,`last_connection`,`birth`) VALUES (37,'non,','NUY69DAZ5MT','McKenzie','Shafira','Suspendisse.aliquet@adipiscinglobortis.edu','F','Integer vulputate, risus a ultricies adipiscing, enim mi tempor lorem, eget mollis lectus pede et risus. Quisque libero lacus, varius et, euismod et, commodo at, libero. Morbi accumsan laoreet ipsum. Curabitur consequat, lectus sit amet luctus vulputate, nisi sem semper erat, in consectetuer ipsum nunc id enim. Curabitur massa. Vestibulum accumsan neque et nunc. Quisque ornare tortor at risus. Nunc ac sem ut dolor dapibus gravida. Aliquam tincidunt, nunc ac mattis ornare, lectus ante dictum mi, ac mattis velit justo nec ante. Maecenas mi felis, adipiscing fringilla, porttitor vulputate, posuere','activated',1,'1509719024','{\"lon\":\"2.322186876344\",\"lat\":\"48.865891250198\"}','1511452860000',1945);
INSERT INTO `user` (`id`,`login`,`password`,`fname`,`lname`,`email`,`gender`,`bio`,`activated`,`rights`,`created_on`,`localisation`,`last_connection`,`birth`) VALUES (38,'in','ZJX05AJB0FI','Tatum','Aladdin','parturient.montes.nascetur@auctor.org','F','Proin vel arcu eu odio tristique pharetra. Quisque ac libero nec ligula consectetuer rhoncus. Nullam velit dui, semper et, lacinia vitae, sodales at, velit. Pellentesque ultricies dignissim lacus. Aliquam rutrum lorem ac risus. Morbi metus. Vivamus euismod urna. Nullam lobortis quam a felis ullamcorper viverra. Maecenas iaculis aliquet diam. Sed diam lorem,','activated',1,'1509719024','{\"lon\":\"2.293808677549\",\"lat\":\"48.868530217416\"}','1511452860000',1961);
INSERT INTO `user` (`id`,`login`,`password`,`fname`,`lname`,`email`,`gender`,`bio`,`activated`,`rights`,`created_on`,`localisation`,`last_connection`,`birth`) VALUES (39,'Sed','CCH38MAM3UD','Fiona','Prescott','nunc@ac.com','F','nostra, per inceptos hymenaeos. Mauris ut quam vel sapien imperdiet ornare. In faucibus. Morbi vehicula. Pellentesque tincidunt tempus risus. Donec egestas. Duis ac arcu. Nunc mauris. Morbi non sapien molestie orci tincidunt adipiscing. Mauris molestie pharetra nibh. Aliquam ornare, libero at auctor ullamcorper, nisl arcu iaculis enim, sit amet ornare lectus justo eu arcu. Morbi sit amet massa. Quisque porttitor eros nec tellus. Nunc lectus pede, ultrices a, auctor non, feugiat nec, diam. Duis mi enim, condimentum eget, volutpat ornare, facilisis eget, ipsum. Donec sollicitudin adipiscing ligula. Aenean gravida nunc sed pede. Cum sociis natoque penatibus et magnis dis parturient','activated',1,'1509719024','{\"lon\":\"2.274588248932\",\"lat\":\"48.874372511380\"}','1511452860000',1974);
INSERT INTO `user` (`id`,`login`,`password`,`fname`,`lname`,`email`,`gender`,`bio`,`activated`,`rights`,`created_on`,`localisation`,`last_connection`,`birth`) VALUES (40,'consequat','HCK34SSG9QZ','Tanisha','Moses','luctus.ipsum.leo@NuncmaurisMorbi.com','M','cursus. Nunc mauris elit, dictum eu, eleifend nec, malesuada ut, sem. Nulla interdum. Curabitur dictum. Phasellus in felis. Nulla tempor augue ac ipsum. Phasellus vitae mauris sit amet lorem semper auctor. Mauris vel turpis. Aliquam adipiscing lobortis risus. In mi pede, nonummy ut, molestie in, tempus eu, ligula. Aenean euismod mauris eu elit. Nulla facilisi. Sed neque. Sed eget lacus. Mauris non dui nec urna suscipit nonummy. Fusce fermentum fermentum arcu. Vestibulum ante ipsum primis','activated',1,'1509719024','{\"lon\":\"2.376092123021\",\"lat\":\"48.898156833399\"}','1511452860000',1977);
INSERT INTO `user` (`id`,`login`,`password`,`fname`,`lname`,`email`,`gender`,`bio`,`activated`,`rights`,`created_on`,`localisation`,`last_connection`,`birth`) VALUES (41,'ut,','HYX19PYT0HD','Rana','Donovan','nisi.Mauris@lobortisauguescelerisque.co.uk','F','semper tellus id nunc interdum feugiat. Sed nec metus facilisis lorem tristique aliquet. Phasellus fermentum convallis ligula. Donec luctus aliquet odio. Etiam ligula tortor, dictum eu, placerat eget, venenatis a, magna. Lorem ipsum dolor sit amet, consectetuer adipiscing elit. Etiam laoreet, libero et tristique pellentesque, tellus sem mollis dui, in sodales elit erat vitae risus. Duis a mi fringilla mi lacinia mattis. Integer eu lacus. Quisque imperdiet, erat nonummy ultricies ornare, elit elit fermentum risus, at fringilla purus mauris a nunc. In at pede. Cras vulputate velit eu sem. Pellentesque ut ipsum ac mi eleifend egestas. Sed pharetra, felis eget varius ultrices, mauris ipsum porta elit, a feugiat tellus lorem eu metus. In lorem. Donec elementum, lorem ut aliquam iaculis, lacus pede sagittis augue, eu tempor erat neque non quam. Pellentesque habitant morbi tristique senectus et netus et malesuada fames ac','activated',1,'1509719024','{\"lon\":\"2.296100884363\",\"lat\":\"48.884842287973\"}','1511452860000',1927);
INSERT INTO `user` (`id`,`login`,`password`,`fname`,`lname`,`email`,`gender`,`bio`,`activated`,`rights`,`created_on`,`localisation`,`last_connection`,`birth`) VALUES (42,'Duis','RAV89JKI7VM','Hop','Carol','sem.molestie.sodales@ipsumsodales.net','F','vestibulum. Mauris magna. Duis dignissim tempor arcu. Vestibulum ut eros non enim commodo hendrerit. Donec porttitor tellus non magna. Nam ligula elit, pretium et, rutrum non, hendrerit id, ante. Nunc mauris sapien, cursus in, hendrerit consectetuer, cursus et, magna.','activated',1,'1509719024','{\"lon\":\"2.387679464709\",\"lat\":\"48.876028758164\"}','1511452860000',1964);
INSERT INTO `user` (`id`,`login`,`password`,`fname`,`lname`,`email`,`gender`,`bio`,`activated`,`rights`,`created_on`,`localisation`,`last_connection`,`birth`) VALUES (43,'est,','ZBW11QZE1ZS','Felix','Yuli','ut.cursus.luctus@euodio.ca','F','eu eros. Nam consequat dolor vitae dolor. Donec fringilla. Donec feugiat metus sit amet ante. Vivamus non lorem vitae odio sagittis semper. Nam tempor diam dictum sapien. Aenean massa. Integer vitae nibh. Donec est mauris, rhoncus id, mollis nec, cursus a, enim. Suspendisse aliquet, sem ut cursus luctus, ipsum leo elementum sem, vitae aliquam eros turpis non enim. Mauris quis turpis vitae purus gravida sagittis. Duis gravida. Praesent eu','activated',1,'1509719024','{\"lon\":\"2.396116156863\",\"lat\":\"48.875640022459\"}','1511452860000',1953);
INSERT INTO `user` (`id`,`login`,`password`,`fname`,`lname`,`email`,`gender`,`bio`,`activated`,`rights`,`created_on`,`localisation`,`last_connection`,`birth`) VALUES (44,'hendrerit','MYV62EBP8SH','Blaine','Curran','purus.in.molestie@mus.co.uk','F','eu, odio. Phasellus at augue id ante dictum cursus. Nunc mauris elit, dictum eu, eleifend nec, malesuada ut, sem. Nulla interdum. Curabitur dictum. Phasellus in felis. Nulla tempor augue ac ipsum. Phasellus vitae mauris sit amet lorem semper auctor. Mauris vel turpis. Aliquam adipiscing lobortis risus. In mi pede, nonummy ut, molestie in, tempus eu, ligula. Aenean euismod mauris eu elit. Nulla facilisi. Sed neque. Sed eget lacus. Mauris non dui nec urna suscipit nonummy. Fusce fermentum fermentum arcu. Vestibulum ante ipsum primis in faucibus orci luctus et ultrices','activated',1,'1509719024','{\"lon\":\"2.354089335596\",\"lat\":\"48.892069583392\"}','1511452860000',1968);
INSERT INTO `user` (`id`,`login`,`password`,`fname`,`lname`,`email`,`gender`,`bio`,`activated`,`rights`,`created_on`,`localisation`,`last_connection`,`birth`) VALUES (45,'mi','BQR14TKX8IF','Evangeline','Kelsey','cursus.diam@purusinmolestie.edu','M','semper. Nam tempor diam dictum sapien. Aenean massa. Integer vitae nibh. Donec est mauris, rhoncus id, mollis nec, cursus a, enim. Suspendisse aliquet, sem ut cursus luctus, ipsum leo elementum sem, vitae aliquam','activated',1,'1509719024','{\"lon\":\"2.355698063081\",\"lat\":\"48.844262716824\"}','1511452860000',1956);
INSERT INTO `user` (`id`,`login`,`password`,`fname`,`lname`,`email`,`gender`,`bio`,`activated`,`rights`,`created_on`,`localisation`,`last_connection`,`birth`) VALUES (48,'libero.','AGH84EXG3ML','Howard','Sierra','mi.fringilla.mi@luctussit.org','M','quis urna. Nunc quis arcu vel quam dignissim pharetra. Nam ac nulla. In tincidunt congue turpis. In condimentum. Donec at','activated',1,'1509719024','{\"lon\":\"2.388558795626\",\"lat\":\"48.849788645179\"}','1511452860000',1948);
INSERT INTO `user` (`id`,`login`,`password`,`fname`,`lname`,`email`,`gender`,`bio`,`activated`,`rights`,`created_on`,`localisation`,`last_connection`,`birth`) VALUES (49,'justo.','MVM09DYY3JC','Tyler','Bertha','Vestibulum.ante.ipsum@ante.com','F','montes, nascetur ridiculus mus. Aenean eget magna. Suspendisse tristique neque venenatis lacus. Etiam bibendum fermentum metus. Aenean sed pede nec ante blandit viverra. Donec tempus, lorem fringilla ornare placerat, orci lacus vestibulum lorem, sit amet ultricies sem magna nec quam. Curabitur vel lectus. Cum sociis natoque penatibus et magnis dis parturient montes, nascetur ridiculus mus. Donec dignissim magna a tortor. Nunc commodo auctor velit. Aliquam nisl. Nulla eu neque pellentesque massa lobortis ultrices. Vivamus rhoncus. Donec est. Nunc ullamcorper, velit in aliquet lobortis, nisi nibh lacinia orci, consectetuer euismod est arcu ac orci. Ut semper pretium neque. Morbi quis','activated',1,'1509719024','{\"lon\":\"2.352426897819\",\"lat\":\"48.876377136040\"}','1511452860000',1921);
INSERT INTO `user` (`id`,`login`,`password`,`fname`,`lname`,`email`,`gender`,`bio`,`activated`,`rights`,`created_on`,`localisation`,`last_connection`,`birth`) VALUES (50,'sem.','RWN13MFZ1SF','Deborah','Chandler','et@idrisusquis.ca','M','sed pede. Cum sociis natoque penatibus et magnis dis parturient montes, nascetur ridiculus mus. Proin vel arcu eu odio tristique pharetra. Quisque ac libero nec ligula consectetuer rhoncus. Nullam velit dui, semper et, lacinia vitae, sodales','activated',1,'1509719024','{\"lon\":\"2.302901615454\",\"lat\":\"48.849079264360\"}','1511452860000',1940);
INSERT INTO `user` (`id`,`login`,`password`,`fname`,`lname`,`email`,`gender`,`bio`,`activated`,`rights`,`created_on`,`localisation`,`last_connection`,`birth`) VALUES (53,'sapien.','IKC59AWL5JI','Jenna','Jaquelyn','Aliquam@elementum.net','F','sagittis felis. Donec tempor, est ac mattis semper, dui lectus rutrum urna, nec luctus felis purus ac tellus. Suspendisse sed dolor. Fusce mi lorem, vehicula et, rutrum eu, ultrices sit amet, risus. Donec nibh enim, gravida sit amet, dapibus id, blandit at, nisi. Cum sociis natoque penatibus et magnis dis parturient montes, nascetur ridiculus mus. Proin vel nisl. Quisque fringilla euismod enim. Etiam gravida molestie arcu. Sed eu nibh vulputate mauris sagittis placerat. Cras dictum ultricies ligula. Nullam enim. Sed nulla ante, iaculis nec, eleifend non, dapibus rutrum, justo. Praesent luctus. Curabitur egestas nunc sed libero. Proin sed turpis','activated',1,'1509719024','{\"lon\":\"2.326676915946\",\"lat\":\"48.892825051422\"}','1511452860000',1958);
INSERT INTO `user` (`id`,`login`,`password`,`fname`,`lname`,`email`,`gender`,`bio`,`activated`,`rights`,`created_on`,`localisation`,`last_connection`,`birth`) VALUES (55,'eget','URS48LRL5QG','Brennan','Maite','molestie.dapibus.ligula@dignissim.net','M','non arcu. Vivamus sit amet risus. Donec egestas. Aliquam','activated',1,'1509719024','{\"lon\":\"2.320299087191\",\"lat\":\"48.898385635325\"}','1511452860000',1952);
INSERT INTO `user` (`id`,`login`,`password`,`fname`,`lname`,`email`,`gender`,`bio`,`activated`,`rights`,`created_on`,`localisation`,`last_connection`,`birth`) VALUES (57,'luctus.','BEL55TLE4FV','Demetrius','Talon','at.arcu.Vestibulum@NulladignissimMaecenas.net','M','pharetra, felis eget varius ultrices,','activated',1,'1509719024','{\"lon\":\"2.352278029725\",\"lat\":\"48.876973406215\"}','1511452860000',1970);
INSERT INTO `user` (`id`,`login`,`password`,`fname`,`lname`,`email`,`gender`,`bio`,`activated`,`rights`,`created_on`,`localisation`,`last_connection`,`birth`) VALUES (58,'felis','NPA82VGN7TO','Isaiah','Samantha','in.lobortis@euismodin.co.uk','M','tellus sem mollis dui, in sodales elit erat vitae risus. Duis a mi fringilla mi lacinia mattis. Integer eu lacus. Quisque imperdiet, erat nonummy ultricies ornare, elit elit fermentum risus, at fringilla purus mauris a nunc. In at pede. Cras vulputate velit eu sem. Pellentesque ut ipsum ac mi eleifend egestas. Sed pharetra, felis eget varius ultrices, mauris ipsum porta elit, a feugiat tellus lorem eu metus. In lorem. Donec elementum, lorem ut aliquam iaculis, lacus pede sagittis augue, eu tempor erat neque non quam. Pellentesque habitant morbi tristique senectus et netus et malesuada fames ac turpis egestas. Aliquam fringilla cursus purus. Nullam scelerisque neque sed sem egestas blandit. Nam nulla magna, malesuada vel, convallis in, cursus et, eros. Proin ultrices. Duis volutpat nunc sit amet metus. Aliquam','activated',1,'1509719024','{\"lon\":\"2.312984961673\",\"lat\":\"48.850758202179\"}','1511452860000',1963);
INSERT INTO `user` (`id`,`login`,`password`,`fname`,`lname`,`email`,`gender`,`bio`,`activated`,`rights`,`created_on`,`localisation`,`last_connection`,`birth`) VALUES (60,'fames','TMT84AXJ6IZ','Brianna','Miriam','ac.mattis.velit@lectusrutrum.edu','M','ac orci. Ut semper pretium neque. Morbi quis urna. Nunc quis arcu vel quam dignissim pharetra. Nam ac nulla. In tincidunt congue turpis. In condimentum. Donec at arcu. Vestibulum ante ipsum primis in faucibus orci luctus et ultrices posuere cubilia Curae; Donec tincidunt. Donec vitae erat vel pede blandit congue. In scelerisque scelerisque dui. Suspendisse ac metus vitae velit egestas lacinia. Sed congue, elit sed consequat auctor, nunc nulla vulputate dui, nec tempus mauris erat eget ipsum. Suspendisse sagittis. Nullam vitae diam. Proin dolor. Nulla semper','activated',1,'1509719024','{\"lon\":\"2.286271018205\",\"lat\":\"48.855174530257\"}','1511452860000',1967);
INSERT INTO `user` (`id`,`login`,`password`,`fname`,`lname`,`email`,`gender`,`bio`,`activated`,`rights`,`created_on`,`localisation`,`last_connection`,`birth`) VALUES (61,'erat.','ZCT74PBC0LC','Jordan','Justin','sagittis.augue@IncondimentumDonec.com','F','Donec fringilla. Donec feugiat metus sit amet ante. Vivamus non lorem vitae odio sagittis semper. Nam tempor diam dictum sapien. Aenean massa. Integer vitae nibh. Donec est mauris, rhoncus id, mollis nec, cursus a, enim. Suspendisse aliquet, sem ut cursus luctus, ipsum leo elementum sem, vitae aliquam eros turpis non enim. Mauris quis turpis vitae purus gravida sagittis. Duis gravida. Praesent eu nulla at sem molestie sodales. Mauris blandit enim consequat purus. Maecenas libero est, congue a, aliquet vel, vulputate eu, odio. Phasellus at augue id ante dictum cursus. Nunc mauris elit, dictum eu, eleifend nec, malesuada ut, sem. Nulla interdum. Curabitur dictum. Phasellus in felis. Nulla tempor augue ac ipsum. Phasellus vitae mauris sit amet lorem semper auctor. Mauris vel turpis. Aliquam adipiscing lobortis risus. In mi pede, nonummy ut, molestie in, tempus eu, ligula. Aenean euismod mauris eu','activated',1,'1509719024','{\"lon\":\"2.346089066632\",\"lat\":\"48.892760606657\"}','1511452860000',1923);
INSERT INTO `user` (`id`,`login`,`password`,`fname`,`lname`,`email`,`gender`,`bio`,`activated`,`rights`,`created_on`,`localisation`,`last_connection`,`birth`) VALUES (62,'Aliquam','ULE15FAL3MI','Ginger','Joy','neque.Morbi@loremipsumsodales.net','F','eu tempor erat neque non quam. Pellentesque habitant morbi tristique senectus et netus et malesuada fames ac turpis egestas.','activated',1,'1509719024','{\"lon\":\"2.290369602844\",\"lat\":\"48.873770493641\"}','1511452860000',1938);
INSERT INTO `user` (`id`,`login`,`password`,`fname`,`lname`,`email`,`gender`,`bio`,`activated`,`rights`,`created_on`,`localisation`,`last_connection`,`birth`) VALUES (63,'lorem,','YRK63BQD8VM','Melissa','Xerxes','dignissim@Etiambibendumfermentum.org','F','lobortis. Class aptent taciti sociosqu ad litora torquent per conubia nostra, per inceptos hymenaeos. Mauris ut quam vel sapien imperdiet ornare. In faucibus. Morbi vehicula. Pellentesque tincidunt tempus risus. Donec egestas. Duis ac arcu. Nunc mauris. Morbi non sapien molestie orci','activated',1,'1509719024','{\"lon\":\"2.282978706196\",\"lat\":\"48.882802507229\"}','1511452860000',1932);
INSERT INTO `user` (`id`,`login`,`password`,`fname`,`lname`,`email`,`gender`,`bio`,`activated`,`rights`,`created_on`,`localisation`,`last_connection`,`birth`) VALUES (64,'augue.','JTM90ACT1BS','Mohammad','Adrienne','sit.amet.consectetuer@urna.org','F','erat. Sed nunc est, mollis non, cursus non, egestas a, dui. Cras pellentesque. Sed dictum. Proin eget odio. Aliquam vulputate ullamcorper magna. Sed eu eros. Nam consequat dolor vitae dolor. Donec fringilla. Donec feugiat metus sit amet ante. Vivamus non lorem vitae odio sagittis semper. Nam tempor diam dictum sapien. Aenean massa. Integer vitae nibh. Donec est mauris, rhoncus id, mollis nec, cursus a, enim. Suspendisse aliquet, sem ut cursus luctus, ipsum leo elementum sem, vitae aliquam eros turpis non enim. Mauris quis turpis vitae purus gravida sagittis. Duis gravida. Praesent eu nulla at sem molestie sodales. Mauris blandit enim consequat purus. Maecenas libero est, congue a, aliquet vel, vulputate eu, odio. Phasellus at augue id ante dictum cursus. Nunc mauris elit, dictum eu, eleifend nec, malesuada ut, sem. Nulla interdum. Curabitur dictum. Phasellus in felis. Nulla tempor augue ac ipsum. Phasellus vitae','activated',1,'1509719024','{\"lon\":\"2.275535990390\",\"lat\":\"48.878836295829\"}','1511452860000',1959);
INSERT INTO `user` (`id`,`login`,`password`,`fname`,`lname`,`email`,`gender`,`bio`,`activated`,`rights`,`created_on`,`localisation`,`last_connection`,`birth`) VALUES (65,'magna.','FWR46EBJ1VW','Lydia','Marvin','nunc.ullamcorper.eu@necquamCurabitur.co.uk','M','eget metus. In nec orci. Donec nibh. Quisque nonummy ipsum non arcu. Vivamus sit amet risus. Donec egestas. Aliquam nec enim. Nunc ut erat. Sed nunc est, mollis non, cursus non, egestas a, dui. Cras pellentesque. Sed dictum. Proin eget odio. Aliquam vulputate ullamcorper magna. Sed eu eros. Nam consequat dolor vitae dolor. Donec fringilla. Donec feugiat metus sit amet ante. Vivamus non lorem vitae odio sagittis semper. Nam tempor diam dictum sapien. Aenean massa. Integer vitae nibh. Donec est mauris, rhoncus id, mollis nec, cursus a, enim. Suspendisse aliquet, sem ut cursus luctus, ipsum leo elementum sem, vitae aliquam eros turpis non enim. Mauris quis turpis vitae purus gravida sagittis. Duis gravida. Praesent eu nulla at sem molestie sodales. Mauris blandit enim consequat purus. Maecenas libero est, congue a, aliquet vel, vulputate eu, odio. Phasellus at augue id ante dictum cursus.','activated',1,'1509719024','{\"lon\":\"2.394818955840\",\"lat\":\"48.901701011399\"}','1511452860000',1968);
INSERT INTO `user` (`id`,`login`,`password`,`fname`,`lname`,`email`,`gender`,`bio`,`activated`,`rights`,`created_on`,`localisation`,`last_connection`,`birth`) VALUES (66,'at','KBW55NGU1GZ','Abraham','Latifah','dis.parturient@velitQuisque.edu','F','eu nulla at sem molestie sodales. Mauris blandit enim consequat purus. Maecenas libero est, congue a, aliquet vel, vulputate eu, odio. Phasellus at augue id ante dictum cursus. Nunc mauris elit, dictum eu, eleifend nec, malesuada ut, sem. Nulla interdum. Curabitur dictum. Phasellus in felis. Nulla tempor augue ac ipsum. Phasellus vitae mauris sit amet lorem semper','activated',1,'1509719024','{\"lon\":\"2.325343316642\",\"lat\":\"48.872598401299\"}','1511452860000',1931);
INSERT INTO `user` (`id`,`login`,`password`,`fname`,`lname`,`email`,`gender`,`bio`,`activated`,`rights`,`created_on`,`localisation`,`last_connection`,`birth`) VALUES (67,'fringilla','LIE26XPT3GZ','Bethany','Paloma','non.lobortis@mauris.org','M','egestas. Aliquam fringilla cursus purus. Nullam scelerisque neque sed sem egestas blandit. Nam nulla magna, malesuada vel, convallis in, cursus et, eros. Proin ultrices. Duis volutpat nunc sit amet metus. Aliquam erat volutpat. Nulla facilisis. Suspendisse commodo tincidunt nibh. Phasellus nulla. Integer vulputate, risus a ultricies adipiscing, enim mi tempor lorem, eget mollis lectus pede et risus. Quisque libero lacus, varius et, euismod et, commodo at, libero. Morbi accumsan laoreet ipsum. Curabitur consequat, lectus sit amet luctus vulputate, nisi','activated',1,'1509719024','{\"lon\":\"2.312208262076\",\"lat\":\"48.860945880342\"}','1511452860000',1947);
INSERT INTO `user` (`id`,`login`,`password`,`fname`,`lname`,`email`,`gender`,`bio`,`activated`,`rights`,`created_on`,`localisation`,`last_connection`,`birth`) VALUES (68,'egestas','JFJ74TQS4MB','Francesca','Unity','turpis@nibhDonecest.ca','M','sed leo. Cras vehicula aliquet libero. Integer in magna. Phasellus dolor elit, pellentesque a,','activated',1,'1509719024','{\"lon\":\"2.330561109435\",\"lat\":\"48.900674410955\"}','1511452860000',1957);
INSERT INTO `user` (`id`,`login`,`password`,`fname`,`lname`,`email`,`gender`,`bio`,`activated`,`rights`,`created_on`,`localisation`,`last_connection`,`birth`) VALUES (69,'tellus','AXC27ZNR4CT','Arsenio','Bradley','eu.tellus.Phasellus@augueSed.com','F','diam. Duis mi enim, condimentum eget, volutpat ornare, facilisis eget, ipsum. Donec sollicitudin adipiscing ligula. Aenean gravida nunc sed pede. Cum sociis natoque penatibus et magnis dis parturient montes, nascetur ridiculus mus. Proin vel arcu eu odio tristique pharetra. Quisque ac libero','activated',1,'1509719024','{\"lon\":\"2.309236301009\",\"lat\":\"48.845707810395\"}','1511452860000',1927);
INSERT INTO `user` (`id`,`login`,`password`,`fname`,`lname`,`email`,`gender`,`bio`,`activated`,`rights`,`created_on`,`localisation`,`last_connection`,`birth`) VALUES (70,'parturient','QRQ54IFY8UG','Aaron','Selma','tincidunt.nunc@Crasvulputatevelit.edu','F','auctor non, feugiat nec, diam. Duis mi enim, condimentum eget, volutpat ornare, facilisis eget, ipsum. Donec sollicitudin adipiscing ligula. Aenean gravida nunc sed pede. Cum sociis natoque penatibus et magnis dis parturient montes, nascetur ridiculus mus. Proin vel arcu eu odio tristique pharetra. Quisque ac libero nec ligula consectetuer rhoncus. Nullam velit dui, semper et, lacinia vitae, sodales at, velit. Pellentesque ultricies dignissim lacus. Aliquam rutrum lorem ac risus. Morbi metus. Vivamus euismod urna. Nullam lobortis quam a felis ullamcorper viverra. Maecenas iaculis aliquet diam. Sed diam lorem, auctor quis, tristique ac, eleifend vitae, erat. Vivamus nisi. Mauris nulla. Integer urna. Vivamus molestie dapibus ligula. Aliquam erat volutpat. Nulla dignissim. Maecenas ornare egestas ligula. Nullam feugiat placerat velit.','activated',1,'1509719024','{\"lon\":\"2.392270990603\",\"lat\":\"48.850699813203\"}','1511452860000',1978);
INSERT INTO `user` (`id`,`login`,`password`,`fname`,`lname`,`email`,`gender`,`bio`,`activated`,`rights`,`created_on`,`localisation`,`last_connection`,`birth`) VALUES (71,'faucibus','ILB67PEK9JU','Justin','Walter','leo.Morbi.neque@InfaucibusMorbi.com','F','magna. Duis dignissim tempor arcu. Vestibulum ut eros non enim commodo hendrerit. Donec porttitor tellus non magna. Nam ligula elit, pretium et, rutrum non, hendrerit id, ante. Nunc mauris sapien, cursus in, hendrerit consectetuer, cursus et, magna. Praesent interdum ligula','activated',1,'1509719024','{\"lon\":\"2.312230984601\",\"lat\":\"48.860174759297\"}','1511452860000',1941);
INSERT INTO `user` (`id`,`login`,`password`,`fname`,`lname`,`email`,`gender`,`bio`,`activated`,`rights`,`created_on`,`localisation`,`last_connection`,`birth`) VALUES (72,'nisl','OUK00TVQ4PM','Jared','Aimee','a.tortor.Nunc@egestasblandit.edu','F','tellus sem mollis dui, in sodales elit erat vitae risus. Duis a mi fringilla mi lacinia mattis. Integer eu lacus. Quisque imperdiet, erat nonummy ultricies ornare, elit elit fermentum risus, at fringilla purus mauris a nunc. In at pede. Cras vulputate velit eu sem. Pellentesque ut ipsum ac mi eleifend egestas. Sed pharetra, felis eget varius ultrices, mauris ipsum porta elit, a feugiat tellus lorem eu metus. In lorem. Donec elementum, lorem ut aliquam iaculis, lacus pede sagittis augue, eu tempor erat neque non quam. Pellentesque habitant morbi tristique senectus et netus et malesuada fames ac turpis egestas. Aliquam fringilla cursus purus. Nullam scelerisque neque sed sem egestas blandit. Nam nulla magna, malesuada vel, convallis in, cursus et, eros. Proin ultrices. Duis volutpat nunc sit amet metus. Aliquam erat volutpat. Nulla facilisis. Suspendisse commodo','activated',1,'1509719024','{\"lon\":\"2.341049138097\",\"lat\":\"48.888343384403\"}','1511452860000',1971);
INSERT INTO `user` (`id`,`login`,`password`,`fname`,`lname`,`email`,`gender`,`bio`,`activated`,`rights`,`created_on`,`localisation`,`last_connection`,`birth`) VALUES (74,'risus.','KEC70QSF6WV','Charissa','Alea','Suspendisse@vulputate.co.uk','F','montes, nascetur ridiculus mus. Proin vel nisl. Quisque fringilla euismod enim. Etiam gravida molestie arcu. Sed eu nibh vulputate mauris sagittis placerat. Cras dictum ultricies ligula. Nullam enim. Sed nulla ante, iaculis nec, eleifend non, dapibus rutrum, justo. Praesent luctus. Curabitur egestas nunc sed libero. Proin sed turpis nec mauris blandit mattis. Cras eget nisi dictum augue malesuada malesuada. Integer id magna et ipsum cursus vestibulum. Mauris magna. Duis dignissim tempor arcu. Vestibulum ut eros non enim commodo hendrerit. Donec porttitor tellus non magna. Nam ligula elit, pretium et, rutrum non, hendrerit id, ante. Nunc mauris sapien, cursus in, hendrerit consectetuer, cursus et, magna. Praesent','activated',1,'1509719024','{\"lon\":\"2.286085784340\",\"lat\":\"48.899360667103\"}','1511452860000',1955);
INSERT INTO `user` (`id`,`login`,`password`,`fname`,`lname`,`email`,`gender`,`bio`,`activated`,`rights`,`created_on`,`localisation`,`last_connection`,`birth`) VALUES (75,'velit.','XVY80GWF8FQ','Thomas','Gavin','Vestibulum.ante@atfringillapurus.edu','F','Nulla tempor augue ac ipsum. Phasellus vitae mauris sit amet lorem semper auctor. Mauris vel turpis. Aliquam adipiscing lobortis risus. In mi pede, nonummy ut, molestie in, tempus eu, ligula. Aenean euismod mauris eu elit. Nulla facilisi. Sed neque. Sed','activated',1,'1509719024','{\"lon\":\"2.402500066499\",\"lat\":\"48.862330603995\"}','1511452860000',1935);
INSERT INTO `user` (`id`,`login`,`password`,`fname`,`lname`,`email`,`gender`,`bio`,`activated`,`rights`,`created_on`,`localisation`,`last_connection`,`birth`) VALUES (77,'odio.','BMX28FNB6KA','Drew','Melissa','inceptos.hymenaeos.Mauris@duiCraspellentesque.co.uk','F','adipiscing. Mauris molestie pharetra nibh. Aliquam ornare, libero at','activated',1,'1509719024','{\"lon\":\"2.274805045868\",\"lat\":\"48.854490018049\"}','1511452860000',1978);
INSERT INTO `user` (`id`,`login`,`password`,`fname`,`lname`,`email`,`gender`,`bio`,`activated`,`rights`,`created_on`,`localisation`,`last_connection`,`birth`) VALUES (81,'erat,','EYG86FPO3XD','Philip','Alfreda','eu.dolor@facilisisloremtristique.edu','M','malesuada malesuada. Integer id magna et ipsum cursus vestibulum. Mauris magna. Duis dignissim tempor arcu. Vestibulum ut eros non enim commodo hendrerit. Donec porttitor tellus non magna. Nam ligula elit, pretium et, rutrum non, hendrerit id, ante. Nunc mauris sapien, cursus in, hendrerit consectetuer, cursus et, magna. Praesent interdum ligula eu enim. Etiam imperdiet dictum magna. Ut tincidunt orci quis lectus. Nullam suscipit, est ac facilisis facilisis, magna tellus faucibus leo, in lobortis tellus justo sit amet nulla. Donec non justo. Proin non massa non ante bibendum ullamcorper. Duis cursus, diam at pretium aliquet, metus urna convallis erat, eget tincidunt dui augue eu tellus. Phasellus elit pede, malesuada vel, venenatis vel, faucibus id, libero. Donec consectetuer mauris id sapien. Cras','activated',1,'1509719024','{\"lon\":\"2.323518345948\",\"lat\":\"48.856018729769\"}','1511452860000',1959);
INSERT INTO `user` (`id`,`login`,`password`,`fname`,`lname`,`email`,`gender`,`bio`,`activated`,`rights`,`created_on`,`localisation`,`last_connection`,`birth`) VALUES (83,'neque','HIQ58AHL7XE','Malachi','Xena','arcu@adipiscingnon.net','M','vitae mauris sit amet lorem semper auctor. Mauris vel turpis. Aliquam adipiscing lobortis risus. In mi pede, nonummy ut, molestie in, tempus eu, ligula. Aenean euismod mauris eu elit. Nulla facilisi. Sed neque. Sed eget lacus. Mauris non dui nec urna suscipit nonummy. Fusce fermentum fermentum arcu. Vestibulum ante ipsum primis in faucibus orci luctus et ultrices posuere cubilia Curae; Phasellus ornare. Fusce mollis. Duis sit amet diam eu dolor egestas rhoncus. Proin nisl sem, consequat nec,','activated',1,'1509719024','{\"lon\":\"2.303796299229\",\"lat\":\"48.876629281819\"}','1511452860000',1919);
INSERT INTO `user` (`id`,`login`,`password`,`fname`,`lname`,`email`,`gender`,`bio`,`activated`,`rights`,`created_on`,`localisation`,`last_connection`,`birth`) VALUES (84,'magna.','INL64YCV6FG','Tatyana','Gretchen','vel@ligulaAeneangravida.co.uk','M','nec tempus scelerisque, lorem ipsum sodales purus, in molestie tortor nibh sit amet orci. Ut sagittis lobortis mauris.','activated',1,'1509719024','{\"lon\":\"2.394818955840\",\"lat\":\"48.901701011399\"}','1511452860000',1968);
INSERT INTO `user` (`id`,`login`,`password`,`fname`,`lname`,`email`,`gender`,`bio`,`activated`,`rights`,`created_on`,`localisation`,`last_connection`,`birth`) VALUES (85,'Vestibulum','EDI61BQP3WD','Ian','Axel','Phasellus@Sednec.net','F','dis parturient montes, nascetur ridiculus mus. Proin vel arcu eu odio tristique pharetra. Quisque ac libero nec ligula consectetuer rhoncus. Nullam velit dui, semper et, lacinia vitae, sodales at, velit. Pellentesque ultricies dignissim lacus. Aliquam rutrum lorem ac risus. Morbi metus. Vivamus euismod urna. Nullam lobortis quam a felis ullamcorper viverra. Maecenas iaculis aliquet diam. Sed diam lorem, auctor quis, tristique ac, eleifend vitae, erat. Vivamus nisi. Mauris nulla. Integer urna. Vivamus molestie dapibus ligula. Aliquam erat volutpat. Nulla dignissim. Maecenas ornare egestas ligula. Nullam feugiat placerat velit. Quisque varius. Nam porttitor scelerisque neque. Nullam nisl. Maecenas malesuada fringilla est. Mauris eu turpis. Nulla aliquet. Proin velit. Sed malesuada augue ut lacus. Nulla tincidunt, neque vitae semper egestas, urna justo faucibus lectus, a sollicitudin orci sem eget massa. Suspendisse eleifend. Cras sed leo. Cras vehicula aliquet libero. Integer in magna. Phasellus dolor elit, pellentesque a, facilisis non, bibendum','activated',1,'1509719024','{\"lon\":\"2.404390990964\",\"lat\":\"48.876965449569\"}','1511452860000',1928);
INSERT INTO `user` (`id`,`login`,`password`,`fname`,`lname`,`email`,`gender`,`bio`,`activated`,`rights`,`created_on`,`localisation`,`last_connection`,`birth`) VALUES (86,'Etiam','OQW25JCN9BH','Clayton','Jermaine','dolor.egestas.rhoncus@sapiencursus.net','M','ornare, lectus ante dictum mi, ac mattis velit justo nec ante. Maecenas mi felis, adipiscing fringilla, porttitor vulputate, posuere','activated',1,'1509719024','{\"lon\":\"2.316481500949\",\"lat\":\"48.874829402760\"}','1511452860000',1976);
INSERT INTO `user` (`id`,`login`,`password`,`fname`,`lname`,`email`,`gender`,`bio`,`activated`,`rights`,`created_on`,`localisation`,`last_connection`,`birth`) VALUES (87,'pede,','KNJ38ZRI7SQ','Perry','Ava','lacus@lobortisquispede.co.uk','M','interdum. Sed auctor odio a purus. Duis elementum, dui quis accumsan convallis, ante lectus convallis est, vitae sodales nisi magna sed dui. Fusce aliquam, enim nec tempus scelerisque, lorem ipsum sodales purus, in','activated',1,'1509719024','{\"lon\":\"2.287399519794\",\"lat\":\"48.866811109959\"}','1511452860000',1970);
INSERT INTO `user` (`id`,`login`,`password`,`fname`,`lname`,`email`,`gender`,`bio`,`activated`,`rights`,`created_on`,`localisation`,`last_connection`,`birth`) VALUES (90,'Quisque','GBU81CUX8BC','Maxwell','Amethyst','fringilla.cursus@necquamCurabitur.edu','F','sed pede nec ante blandit viverra. Donec tempus, lorem fringilla ornare placerat, orci lacus vestibulum lorem, sit amet ultricies sem magna nec quam. Curabitur vel lectus. Cum sociis natoque penatibus et magnis dis parturient montes, nascetur ridiculus mus. Donec dignissim magna a tortor. Nunc commodo auctor velit. Aliquam nisl. Nulla eu neque pellentesque massa lobortis ultrices. Vivamus rhoncus. Donec est. Nunc ullamcorper, velit in aliquet lobortis, nisi nibh lacinia orci, consectetuer euismod est arcu ac orci. Ut semper pretium neque. Morbi quis urna. Nunc quis arcu vel quam dignissim pharetra. Nam ac nulla. In tincidunt congue turpis. In condimentum. Donec at arcu. Vestibulum ante ipsum primis in faucibus orci luctus et ultrices posuere cubilia Curae; Donec tincidunt. Donec vitae erat vel pede blandit congue. In scelerisque scelerisque dui. Suspendisse ac metus vitae velit egestas lacinia. Sed congue,','activated',1,'1509719024','{\"lon\":\"2.315884888940\",\"lat\":\"48.885222972613\"}','1511452860000',1946);
INSERT INTO `user` (`id`,`login`,`password`,`fname`,`lname`,`email`,`gender`,`bio`,`activated`,`rights`,`created_on`,`localisation`,`last_connection`,`birth`) VALUES (93,'lorem','PHN45EMW8UJ','Tashya','Hedley','Maecenas.iaculis.aliquet@InfaucibusMorbi.edu','F','odio. Etiam ligula tortor, dictum eu, placerat eget, venenatis a, magna. Lorem ipsum dolor sit amet, consectetuer adipiscing elit. Etiam laoreet, libero et tristique pellentesque, tellus sem mollis dui, in sodales elit erat vitae risus. Duis a mi fringilla mi lacinia mattis. Integer eu lacus. Quisque imperdiet, erat nonummy ultricies ornare, elit elit fermentum risus, at fringilla purus mauris a nunc. In at pede. Cras vulputate velit eu sem. Pellentesque ut ipsum ac mi eleifend egestas. Sed','activated',1,'1509719024','{\"lon\":\"2.288488076683\",\"lat\":\"48.859231061954\"}','1511452860000',1931);
INSERT INTO `user` (`id`,`login`,`password`,`fname`,`lname`,`email`,`gender`,`bio`,`activated`,`rights`,`created_on`,`localisation`,`last_connection`,`birth`) VALUES (94,'diam','NGD07FDA6LF','Tarik','Jacob','sit.amet.ante@Proin.org','M','aliquet, sem ut cursus luctus, ipsum leo elementum sem, vitae aliquam eros turpis non enim. Mauris quis turpis vitae purus gravida sagittis. Duis gravida. Praesent eu nulla at sem molestie sodales. Mauris blandit enim consequat purus. Maecenas libero est, congue a, aliquet vel, vulputate eu, odio. Phasellus at augue id ante dictum cursus. Nunc mauris elit, dictum','activated',1,'1509719024','{\"lon\":\"2.297871072097\",\"lat\":\"48.857645525419\"}','1511452860000',1959);
INSERT INTO `user` (`id`,`login`,`password`,`fname`,`lname`,`email`,`gender`,`bio`,`activated`,`rights`,`created_on`,`localisation`,`last_connection`,`birth`) VALUES (95,'torquent','RIF82CSJ3HN','Eve','Declan','felis.Donec.tempor@nislMaecenasmalesuada.net','M','Donec tempus, lorem fringilla ornare placerat, orci lacus vestibulum lorem, sit amet ultricies sem magna nec quam. Curabitur vel lectus. Cum sociis natoque penatibus et magnis dis parturient montes, nascetur ridiculus mus. Donec dignissim magna a tortor. Nunc commodo auctor velit. Aliquam nisl. Nulla eu neque pellentesque massa lobortis ultrices. Vivamus rhoncus. Donec est. Nunc ullamcorper, velit in aliquet lobortis, nisi nibh lacinia orci, consectetuer euismod est arcu ac orci. Ut semper pretium neque. Morbi quis urna. Nunc quis arcu vel quam dignissim pharetra. Nam ac nulla. In tincidunt congue turpis. In condimentum. Donec at arcu. Vestibulum ante ipsum primis in faucibus orci luctus','activated',1,'1509719024','{\"lon\":\"2.307544840826\",\"lat\":\"48.870394422668\"}','1511452860000',1975);
INSERT INTO `user` (`id`,`login`,`password`,`fname`,`lname`,`email`,`gender`,`bio`,`activated`,`rights`,`created_on`,`localisation`,`last_connection`,`birth`) VALUES (97,'euismod','HOP70HYC4JR','Julie','Beverly','facilisis.Suspendisse.commodo@gravidanon.com','F','eros non enim commodo hendrerit. Donec porttitor tellus non magna. Nam ligula elit, pretium et, rutrum non, hendrerit id, ante. Nunc mauris sapien, cursus in, hendrerit consectetuer, cursus et, magna. Praesent interdum ligula eu enim. Etiam imperdiet dictum magna. Ut tincidunt orci quis lectus. Nullam suscipit, est ac facilisis facilisis, magna tellus faucibus leo, in lobortis tellus justo sit amet nulla. Donec non justo. Proin non massa non ante bibendum ullamcorper. Duis cursus, diam at pretium aliquet, metus urna convallis erat, eget tincidunt dui augue eu tellus. Phasellus elit pede, malesuada vel, venenatis vel, faucibus id, libero. Donec consectetuer mauris id sapien. Cras dolor dolor, tempus non, lacinia at, iaculis quis, pede. Praesent eu dui. Cum sociis natoque penatibus et magnis dis parturient montes, nascetur ridiculus mus. Aenean eget magna. Suspendisse','activated',1,'1509719024','{\"lon\":\"2.338903681894\",\"lat\":\"48.858105304721\"}','1511452860000',1927);
INSERT INTO `user` (`id`,`login`,`password`,`fname`,`lname`,`email`,`gender`,`bio`,`activated`,`rights`,`created_on`,`localisation`,`last_connection`,`birth`) VALUES (98,'Nunc','GWM87VIQ5NB','Dillon','Cally','In@temporarcuVestibulum.ca','M','est. Nunc ullamcorper, velit in aliquet lobortis, nisi nibh lacinia orci, consectetuer euismod est arcu ac orci. Ut semper pretium neque. Morbi quis urna. Nunc quis arcu vel quam dignissim pharetra. Nam ac nulla. In','activated',1,'1509719024','{\"lon\":\"2.395375761912\",\"lat\":\"48.861865608812\"}','1511452860000',1932);
INSERT INTO `user` (`id`,`login`,`password`,`fname`,`lname`,`email`,`gender`,`bio`,`activated`,`rights`,`created_on`,`localisation`,`last_connection`,`birth`) VALUES (99,'arcu.','LXF21APG8WR','Olympia','Cheyenne','egestas@idliberoDonec.co.uk','M','nonummy. Fusce fermentum fermentum arcu. Vestibulum ante ipsum primis in faucibus orci luctus et ultrices posuere','activated',1,'1509719024','{\"lon\":\"2.401269965482\",\"lat\":\"48.877008904674\"}','1511452860000',1941);
INSERT INTO `user` (`id`,`login`,`password`,`fname`,`lname`,`email`,`gender`,`bio`,`activated`,`rights`,`created_on`,`localisation`,`last_connection`,`birth`) VALUES (100,'ipsum','MFA12BKM0HW','Xander','Matthew','cursus.et.eros@liberoat.ca','F','vel est tempor bibendum. Donec felis orci, adipiscing non, luctus sit amet, faucibus ut, nulla. Cras eu tellus eu augue porttitor interdum. Sed auctor odio a purus. Duis elementum, dui quis accumsan convallis, ante lectus convallis est,','activated',1,'1509719024','{\"lon\":\"2.399986523137\",\"lat\":\"48.876865100058\"}','1511452860000',1932);
INSERT INTO `user` (`id`,`login`,`password`,`fname`,`lname`,`email`,`gender`,`bio`,`activated`,`rights`,`created_on`,`localisation`,`last_connection`,`birth`) VALUES (101,'jubarbie','$2a$10$uxppeYIvYCYwrQMGbSP7MOP2qTeTkj4JlzHh/iTR1iYbM0T3iG5GS','Jules','Barbier','jubarbie@student.42.fr','M','I\'m the administrator of this app','activated',0,'1509719024','{\"lon\":\"2.306508449549\",\"lat\":\"48.873239138065\"}','1518811100280',1966);
INSERT INTO `user` (`id`,`login`,`password`,`fname`,`lname`,`email`,`gender`,`bio`,`activated`,`rights`,`created_on`,`localisation`,`last_connection`,`birth`) VALUES (107,'marshall','$2a$10$NZZJ0DD0ROBVQdtt00m4BOmkw5zQLQzsR8j3Cd0S4AjmOus897sJq','Marshall','Sigfrid','marshall@marshall.com','M','Je suis Marshall et je vous emmerde','activated',1,'1509808921344','{\"lon\":\"2.392896417100\",\"lat\":\"48.841537194239\"}','1518801528081',1945);
INSERT INTO `user` (`id`,`login`,`password`,`fname`,`lname`,`email`,`gender`,`bio`,`activated`,`rights`,`created_on`,`localisation`,`last_connection`,`birth`) VALUES (108,'jules','$2a$10$5OBxvYhXt0eJgWUqeeazmurckn4ZSw1dzEkhDbBnpPuVm7h.KogSu','','','jules.barbier.fr@gmail.com','','','0225f792cd7dec33b3eb90c2c5cd01c350145834ab193bf1104277ddc4563faf64dcf76b0c25db229875d0109a6ccc09008e392e073fbe6e5b9e4d6575d15eb2',1,'1510838824685','{\"lon\":\"2.385907138011\",\"lat\":\"48.866342520217\"}','1511452860000',1960);
INSERT INTO `user` (`id`,`login`,`password`,`fname`,`lname`,`email`,`gender`,`bio`,`activated`,`rights`,`created_on`,`localisation`,`last_connection`,`birth`) VALUES (109,'yep','$2a$10$lBmuw/h0OqnV99fL7C09ROOVuGRpjBnV0tcAZduIiPwg8Ayb1zcC.','Jules','Barbier','jules.barbier.fr@gmail.com','','','activated',1,'1510917330757','{\"lon\":\"2.317567697927\",\"lat\":\"48.869569821222\"}','1511452860000',1975);
INSERT INTO `user` (`id`,`login`,`password`,`fname`,`lname`,`email`,`gender`,`bio`,`activated`,`rights`,`created_on`,`localisation`,`last_connection`,`birth`) VALUES (110,'tes','$2a$10$LTAX83EcU1SVWxr4BdnFdOe0a0NWheILZaMzl.6h2nGhGKHegDfDK','tes','tes','tes@tes.com','','I am nice and beautifull','activated',1,'1510917825443','{\"lon\":\"2.289632931059\",\"lat\":\"48.891415770886\"}','1511452860000',1936);
INSERT INTO `user` (`id`,`login`,`password`,`fname`,`lname`,`email`,`gender`,`bio`,`activated`,`rights`,`created_on`,`localisation`,`last_connection`,`birth`) VALUES (111,'belinda','$2a$10$8IenA1Q5d/7FPbLDCOnR7OZEOC4GLAbqBJXirUznZsNs8R0LfVlcO','Belinda','Perez','belinda@gmail.com','M','I love you','activated',1,'1518080374566','{\"lon\":2.3095,\"lat\":48.9002}','1518084495645',1927);
INSERT INTO `user` (`id`,`login`,`password`,`fname`,`lname`,`email`,`gender`,`bio`,`activated`,`rights`,`created_on`,`localisation`,`last_connection`,`birth`) VALUES (112,'test','$2a$10$LwsIgu1L8wABvOt1xGQJ9.gwDx8XMq43QKeW.2o9oS9wsIM/fAsXy','test','test','test@test.com','','','533b6c2b14b07eea7811925688afc4fbe5a1cf4771773e25846470bc73bbb825c7c03415304881b5bfbe6d4dae39bd7812940a14f2455f5c17a8d71808dd0cd4',1,'1518807453113',NULL,'0',NULL);
INSERT INTO `user` (`id`,`login`,`password`,`fname`,`lname`,`email`,`gender`,`bio`,`activated`,`rights`,`created_on`,`localisation`,`last_connection`,`birth`) VALUES (113,'test2','$2a$10$1WfcYgbyvV8.sjmFSxMoUuUj8iW7LsHe8i3sSZp2ULe1BneDX9JjW','test','test','test@test.com','','','incomplete',1,'1518807694567',NULL,'0',NULL);
INSERT INTO `user` (`id`,`login`,`password`,`fname`,`lname`,`email`,`gender`,`bio`,`activated`,`rights`,`created_on`,`localisation`,`last_connection`,`birth`) VALUES (114,'test3','$2a$10$ZNbpyqQf47VJ.lMHJMfvOu39fMVazZuNUhDP7HlHjfI.PGN0RukW6','test','test','test3@test.com','','','incomplete',1,'1518807880986',NULL,'1518807938281',NULL);

INSERT INTO `visits` (`id`,`user_from`,`user_to`,`last`,`date`) VALUES (115,'jubarbie','marshall','1518108509176','1517958198000');
INSERT INTO `visits` (`id`,`user_from`,`user_to`,`last`,`date`) VALUES (117,'jubarbie','tincidunt','1517958198000','1517958198000');
INSERT INTO `visits` (`id`,`user_from`,`user_to`,`last`,`date`) VALUES (118,'jubarbie','Aenean','1517958198000','1517958198000');
INSERT INTO `visits` (`id`,`user_from`,`user_to`,`last`,`date`) VALUES (119,'jubarbie','facilisis','1517958198000','1517958198000');
INSERT INTO `visits` (`id`,`user_from`,`user_to`,`last`,`date`) VALUES (120,'jubarbie','eu','1517958198000','1517958198000');
INSERT INTO `visits` (`id`,`user_from`,`user_to`,`last`,`date`) VALUES (121,'jubarbie','neque','1517958198000','1517958198000');
INSERT INTO `visits` (`id`,`user_from`,`user_to`,`last`,`date`) VALUES (122,'jubarbie','torquent','1517958198000','1517958198000');
INSERT INTO `visits` (`id`,`user_from`,`user_to`,`last`,`date`) VALUES (123,'jubarbie','Etiam','1517958198000','1517958198000');
INSERT INTO `visits` (`id`,`user_from`,`user_to`,`last`,`date`) VALUES (125,'marshall','Mauris','1517958198000','1517958198000');
INSERT INTO `visits` (`id`,`user_from`,`user_to`,`last`,`date`) VALUES (126,'jubarbie','magna.','1517958198000','1517958198000');
INSERT INTO `visits` (`id`,`user_from`,`user_to`,`last`,`date`) VALUES (127,'jubarbie','in','1517958198000','1517958198000');
INSERT INTO `visits` (`id`,`user_from`,`user_to`,`last`,`date`) VALUES (128,'jubarbie','erat,','1517958198000','1517958198000');
INSERT INTO `visits` (`id`,`user_from`,`user_to`,`last`,`date`) VALUES (131,'marshall','Nullam','1517958198000','1517958198000');
INSERT INTO `visits` (`id`,`user_from`,`user_to`,`last`,`date`) VALUES (132,'jubarbie','mauris','0','1517960328415');
INSERT INTO `visits` (`id`,`user_from`,`user_to`,`last`,`date`) VALUES (134,'belinda','eget','0','1518080806841');
INSERT INTO `visits` (`id`,`user_from`,`user_to`,`last`,`date`) VALUES (135,'jubarbie','belinda','1518107890468','1518082549836');
INSERT INTO `visits` (`id`,`user_from`,`user_to`,`last`,`date`) VALUES (136,'belinda','neque','0','1518083330555');
INSERT INTO `visits` (`id`,`user_from`,`user_to`,`last`,`date`) VALUES (147,'jubarbie','Aliquam','0','1518093615881');
INSERT INTO `visits` (`id`,`user_from`,`user_to`,`last`,`date`) VALUES (150,'jubarbie','rutrum.','0','1518786310411');
INSERT INTO `visits` (`id`,`user_from`,`user_to`,`last`,`date`) VALUES (151,'jubarbie','velit.','0','1518787097951');
INSERT INTO `visits` (`id`,`user_from`,`user_to`,`last`,`date`) VALUES (156,'jubarbie','adipiscing','0','1518788629413');
INSERT INTO `visits` (`id`,`user_from`,`user_to`,`last`,`date`) VALUES (157,'jubarbie','ipsum','0','1518791601227');
INSERT INTO `visits` (`id`,`user_from`,`user_to`,`last`,`date`) VALUES (158,'jubarbie','Sed','0','1518792842240');
INSERT INTO `visits` (`id`,`user_from`,`user_to`,`last`,`date`) VALUES (159,'jubarbie','Nam','0','1518792976250');
INSERT INTO `visits` (`id`,`user_from`,`user_to`,`last`,`date`) VALUES (160,'jubarbie','lorem,','0','1518792978930');
INSERT INTO `visits` (`id`,`user_from`,`user_to`,`last`,`date`) VALUES (161,'jubarbie','senectus','0','1518793023976');
INSERT INTO `visits` (`id`,`user_from`,`user_to`,`last`,`date`) VALUES (162,'jubarbie','tellus','0','1518793658581');
INSERT INTO `visits` (`id`,`user_from`,`user_to`,`last`,`date`) VALUES (163,'jubarbie','fringilla','0','1518793743118');
INSERT INTO `visits` (`id`,`user_from`,`user_to`,`last`,`date`) VALUES (164,'marshall','jubarbie','1518818802141','1518793827468');
INSERT INTO `visits` (`id`,`user_from`,`user_to`,`last`,`date`) VALUES (165,'jubarbie','nisl','0','1518795454768');
INSERT INTO `visits` (`id`,`user_from`,`user_to`,`last`,`date`) VALUES (166,'jubarbie','risus.','0','1518795695409');
INSERT INTO `visits` (`id`,`user_from`,`user_to`,`last`,`date`) VALUES (167,'jubarbie','amet,','0','1518797588793');
INSERT INTO `visits` (`id`,`user_from`,`user_to`,`last`,`date`) VALUES (168,'jubarbie','','0','1518798399441');
INSERT INTO `visits` (`id`,`user_from`,`user_to`,`last`,`date`) VALUES (169,'jubarbie','Nunc','0','1518800474275');
INSERT INTO `visits` (`id`,`user_from`,`user_to`,`last`,`date`) VALUES (170,'jubarbie','parturient','0','1518800618709');
INSERT INTO `visits` (`id`,`user_from`,`user_to`,`last`,`date`) VALUES (171,'jubarbie','arcu.','0','1518800741687');
INSERT INTO `visits` (`id`,`user_from`,`user_to`,`last`,`date`) VALUES (172,'jubarbie','hendrerit','0','1518801503700');
INSERT INTO `visits` (`id`,`user_from`,`user_to`,`last`,`date`) VALUES (173,'jubarbie','mi','0','1518814673429');
INSERT INTO `visits` (`id`,`user_from`,`user_to`,`last`,`date`) VALUES (174,'jubarbie','consequat','0','1518818702285');
INSERT INTO `visits` (`id`,`user_from`,`user_to`,`last`,`date`) VALUES (175,'jubarbie','ut,','0','1518818705065');
INSERT INTO `visits` (`id`,`user_from`,`user_to`,`last`,`date`) VALUES (176,'jubarbie','Vestibulum','0','1518818789469');
INSERT INTO `visits` (`id`,`user_from`,`user_to`,`last`,`date`) VALUES (177,'jubarbie','Nullam','0','1518818794973');
INSERT INTO `visits` (`id`,`user_from`,`user_to`,`last`,`date`) VALUES (178,'jubarbie','non,','0','1518818796485');